uuid,group_root,group_id,orig_id
9d4b8a87-cb86-463d-b999-1afb592854e1,9d4b8a87-cb86-463d-b999-1afb592854e1,0,799965257391459
3568179b-a978-4a43-8a68-e9e6b5151ce2,3568179b-a978-4a43-8a68-e9e6b5151ce2,1,215951206718950
46bbcb62-11c1-48b0-a242-3bfefcd9acb2,46bbcb62-11c1-48b0-a242-3bfefcd9acb2,2,493399348527509
71f2993f-cc1e-4f85-a244-08c05b8b3633,71f2993f-cc1e-4f85-a244-08c05b8b3633,3,1056565414870435
96df6c61-86c0-431e-b006-45c8b6911e91,96df6c61-86c0-431e-b006-45c8b6911e91,4,391647995312419
4a17b3a5-07a6-493b-af08-63c9421f6769,4a17b3a5-07a6-493b-af08-63c9421f6769,5,1201277293644784
248b6b6c-342f-4259-9f5e-150078dd2c7d,248b6b6c-342f-4259-9f5e-150078dd2c7d,6,1411124732613674
27d42c97-1033-4245-b1f6-465b641bba4c,27d42c97-1033-4245-b1f6-465b641bba4c,7,204723101507397
77eb8fd7-8606-4582-8b2c-55404e2f70a7,77eb8fd7-8606-4582-8b2c-55404e2f70a7,8,1174068903056183
b8096b63-0b1c-4bef-bf61-04da48338c95,b8096b63-0b1c-4bef-bf61-04da48338c95,9,1184641451979175
5a8f4655-e483-4fb7-b47e-e5e0e0c2d403,5a8f4655-e483-4fb7-b47e-e5e0e0c2d403,10,466377661308206
6228e778-752f-41a9-b238-9fcb4089e6b1,6228e778-752f-41a9-b238-9fcb4089e6b1,11,1072720610216667
11445bd9-3b55-4100-abeb-36d952422cbb,11445bd9-3b55-4100-abeb-36d952422cbb,12,3991048534305329
99d0c899-c40b-4e54-bde8-2da3e6ddc2f8,99d0c899-c40b-4e54-bde8-2da3e6ddc2f8,13,304573151312448
b4638aba-bff7-4858-9a88-779cd1d66224,b4638aba-bff7-4858-9a88-779cd1d66224,14,511015836719726
141ba828-9653-430a-bb68-0a2388341919,141ba828-9653-430a-bb68-0a2388341919,15,3967151956737843
e8e20aec-d1a3-4c40-8e4a-770feed13fc7,e8e20aec-d1a3-4c40-8e4a-770feed13fc7,16,4091272194266810
483a763a-fdcc-4b6b-9b49-861888f7fec3,e8e20aec-d1a3-4c40-8e4a-770feed13fc7,16,852592959016604
a54db6ea-9ef6-4f41-862f-2075f39d52f5,a54db6ea-9ef6-4f41-862f-2075f39d52f5,17,222296299333821
06fab868-c3cf-45d1-8582-88e0a75f353c,06fab868-c3cf-45d1-8582-88e0a75f353c,18,921706425295520
579a360c-ef47-4f46-90a4-71f22762f4d6,579a360c-ef47-4f46-90a4-71f22762f4d6,19,962023254554092
6b8720bf-19c3-4ce7-bd96-f5b38a21fa2e,6b8720bf-19c3-4ce7-bd96-f5b38a21fa2e,20,1141392443036378
c69c0f04-a309-4672-a159-63db89ee2916,c69c0f04-a309-4672-a159-63db89ee2916,21,955924835168302
1e05cc62-b573-4eeb-b3ad-5ea310c122d4,1e05cc62-b573-4eeb-b3ad-5ea310c122d4,22,3988487241187333
779306ee-6bef-46cc-b9e7-b014b44bbe48,779306ee-6bef-46cc-b9e7-b014b44bbe48,23,170443388339761
3fbe980d-e6fd-4a25-bd0b-8d6d9c057045,3fbe980d-e6fd-4a25-bd0b-8d6d9c057045,24,2834941250089862
1363d310-a07a-4ba7-a723-28165b67dcb8,1363d310-a07a-4ba7-a723-28165b67dcb8,25,155629653180620
4aca0a95-8622-48c5-bc66-77be8869f629,4aca0a95-8622-48c5-bc66-77be8869f629,26,295613128714188
6cf4c736-a1d8-4400-b4e2-2f9026047f4b,6cf4c736-a1d8-4400-b4e2-2f9026047f4b,27,4293479290711116
cd9fa01c-fa6b-4199-b041-71a6746c2aa9,cd9fa01c-fa6b-4199-b041-71a6746c2aa9,28,876261623105056
852e83ab-e0d9-4e8c-aa66-c7e3aa529410,852e83ab-e0d9-4e8c-aa66-c7e3aa529410,29,878426299762364
af74fe32-fda5-487c-9463-dd0a4e6f6ebd,77eb8fd7-8606-4582-8b2c-55404e2f70a7,8,1694453437420800
2de09486-ba95-4a74-94b3-9f0ae98dadc2,2de09486-ba95-4a74-94b3-9f0ae98dadc2,30,4857844084245134
f1a6236f-567c-4347-b309-f2383292e182,f1a6236f-567c-4347-b309-f2383292e182,31,1568907270121993
3046c386-0c7a-48e1-afe7-47fff43cf503,3046c386-0c7a-48e1-afe7-47fff43cf503,32,1160656754408697
4fe76247-cbc4-417f-b7d2-785ea81565ac,4fe76247-cbc4-417f-b7d2-785ea81565ac,33,496993151448096
5d598ace-d6e0-4953-91ac-ca7a3d80529d,5d598ace-d6e0-4953-91ac-ca7a3d80529d,34,136253478493911
db5f4368-0723-4768-bd62-7b434064b7ad,e8e20aec-d1a3-4c40-8e4a-770feed13fc7,16,3020381291531183
da7ef126-42e1-478c-81bc-1a2ab21240d7,da7ef126-42e1-478c-81bc-1a2ab21240d7,35,825911051665798
a1fb978c-4cec-4fb3-bfdf-4350081d58c3,a1fb978c-4cec-4fb3-bfdf-4350081d58c3,36,953784888712562
40b1cf5d-e96c-4bb1-b12d-a224d716d7d7,40b1cf5d-e96c-4bb1-b12d-a224d716d7d7,37,902504446980110
d97f6a93-6611-4b01-ad2f-311d314cc9d4,779306ee-6bef-46cc-b9e7-b014b44bbe48,23,154969449930290
39ccbe1c-16eb-40fe-be75-556494d7e44e,39ccbe1c-16eb-40fe-be75-556494d7e44e,38,495661798292067
ec7c9c6a-b2ae-439a-9d73-b14e3ac6b9a7,ec7c9c6a-b2ae-439a-9d73-b14e3ac6b9a7,39,770508960303622
727815c3-5e49-4649-b803-96b67777ed4b,727815c3-5e49-4649-b803-96b67777ed4b,40,457778588653730
3ec16af7-108f-4da2-80d5-97030c7b2a5b,f1a6236f-567c-4347-b309-f2383292e182,31,282792963594313
38330b52-6b95-42ef-b8b5-b5de3e7983bc,38330b52-6b95-42ef-b8b5-b5de3e7983bc,41,820198391961566
5009d12f-ec1e-43c5-a6d4-ac80e1e6e0d0,5009d12f-ec1e-43c5-a6d4-ac80e1e6e0d0,42,325102745649413
5f53c2a9-59f8-4fa6-8f35-4a8bb86402df,5f53c2a9-59f8-4fa6-8f35-4a8bb86402df,43,601375494599130
f30b7d1c-0a2d-4134-a7c7-1666a378c5ca,77eb8fd7-8606-4582-8b2c-55404e2f70a7,8,508356763544418
0ef359b6-b883-40ce-a488-d46057dcee71,0ef359b6-b883-40ce-a488-d46057dcee71,44,1224387871352987
0a5b27e0-574f-4b69-a579-9c689f683e0a,e8e20aec-d1a3-4c40-8e4a-770feed13fc7,16,249241226991011
0f559ddb-e6a0-41cd-b039-4777a94fa634,0f559ddb-e6a0-41cd-b039-4777a94fa634,45,324711029212044
03b565dd-c427-4148-b5d1-ec2b39aff75a,03b565dd-c427-4148-b5d1-ec2b39aff75a,46,567860014196054
66a6dce0-d76e-4167-b004-a5651e37d5e0,779306ee-6bef-46cc-b9e7-b014b44bbe48,23,481195753099025
0536283f-d4fc-4d05-afa1-c334de74d3cc,0536283f-d4fc-4d05-afa1-c334de74d3cc,47,1698520180357271
255b4098-cf7c-4f05-a1b6-80c8b4550879,1e05cc62-b573-4eeb-b3ad-5ea310c122d4,22,322606309322127
600de15c-9457-439a-85d2-0ad4f750e48a,600de15c-9457-439a-85d2-0ad4f750e48a,48,1798932880280542
676f1cc5-dcda-46b7-afb7-80388acd4809,676f1cc5-dcda-46b7-afb7-80388acd4809,49,224300342384788
01643e10-467f-406d-b21c-fd975931a51f,01643e10-467f-406d-b21c-fd975931a51f,50,642043280489065
0073407e-ccfe-4b0b-b227-9b55051273e0,779306ee-6bef-46cc-b9e7-b014b44bbe48,23,485994372658062
3f7987aa-bc53-4e95-a5f0-8cb86387c596,3f7987aa-bc53-4e95-a5f0-8cb86387c596,51,462128811520690
b20ddbf6-e8cf-4981-b437-68ae16655df4,da7ef126-42e1-478c-81bc-1a2ab21240d7,35,479596743278063
5d96414b-d585-40fc-af3b-61a288c914fb,5d96414b-d585-40fc-af3b-61a288c914fb,52,301250121476752
3633d216-1adc-4f15-9c98-c9640a490a37,3633d216-1adc-4f15-9c98-c9640a490a37,53,503086370938609
af7f0b96-1223-48cc-bbe9-f34cd53bc3bc,af7f0b96-1223-48cc-bbe9-f34cd53bc3bc,54,188158806501769
a9a95195-454a-4c40-9bf0-bd9e9979253e,a9a95195-454a-4c40-9bf0-bd9e9979253e,55,200391631922150
bf6e1ab5-92a5-4a75-b260-5277291def82,bf6e1ab5-92a5-4a75-b260-5277291def82,56,854728878411438
3b108026-9e31-416e-8d25-a9ec77f3a71f,3b108026-9e31-416e-8d25-a9ec77f3a71f,57,505510967302585
08903bd7-b732-48d1-98cd-2eb4e6664bf1,08903bd7-b732-48d1-98cd-2eb4e6664bf1,58,896405451091417
186b1c30-7563-4dab-8a62-6f0f2a6b3c6b,186b1c30-7563-4dab-8a62-6f0f2a6b3c6b,59,486206685960154
b9cf26ae-86b2-406b-be8b-fdc1ddc6ae5d,779306ee-6bef-46cc-b9e7-b014b44bbe48,23,147055690727662
059b4e54-0a71-4f53-8f2f-c636c1a3fc0c,059b4e54-0a71-4f53-8f2f-c636c1a3fc0c,60,626428818758932
1c4d1fb4-172a-4ce3-941b-8e6c13ae6366,1c4d1fb4-172a-4ce3-941b-8e6c13ae6366,61,1714808388725791
8f46f952-caed-46fe-a605-7ba90f3aa69c,8f46f952-caed-46fe-a605-7ba90f3aa69c,62,2729616470621249
7f564538-6de7-4a92-ada9-0a17866ecdff,7f564538-6de7-4a92-ada9-0a17866ecdff,63,782421602405727
c1596c93-9043-4c7b-9133-9ae7dd2c50b8,03b565dd-c427-4148-b5d1-ec2b39aff75a,46,180310793969216
8e783663-ae81-4b9b-871c-596578eb01bb,8e783663-ae81-4b9b-871c-596578eb01bb,64,519780602765228
2b7cd226-4ab7-4cfa-8baf-a6a439845c1d,2b7cd226-4ab7-4cfa-8baf-a6a439845c1d,65,850913905767774
5aa57ec1-697b-4597-b88e-75e637a435f5,5aa57ec1-697b-4597-b88e-75e637a435f5,66,481282366528892
b6521688-5a0c-403f-a4d5-be98ef707a7e,b6521688-5a0c-403f-a4d5-be98ef707a7e,67,159626639547036
91dab843-912b-426c-bac3-269086e08598,91dab843-912b-426c-bac3-269086e08598,68,352218766254352
4d3c525b-0550-458e-ba71-8ec7e729d9a4,4d3c525b-0550-458e-ba71-8ec7e729d9a4,69,3980072158774123
a01078db-dd1b-45c1-80d9-52bed85c2ead,6b8720bf-19c3-4ce7-bd96-f5b38a21fa2e,20,807367996564035
634af0e9-6d7d-47bf-812b-dcc4a62a95a4,634af0e9-6d7d-47bf-812b-dcc4a62a95a4,70,460520055044530
c91abbb9-6407-417a-aaeb-d3826f49bc87,c91abbb9-6407-417a-aaeb-d3826f49bc87,71,635885527310501
b731e2a7-38bf-43f6-a931-5bd4b6782d3b,b731e2a7-38bf-43f6-a931-5bd4b6782d3b,72,478743776674585
1ffc12dc-05e6-4cf7-ad5b-455028b99edc,1ffc12dc-05e6-4cf7-ad5b-455028b99edc,73,198534995326974
68b9dd8b-3672-41c4-9b28-5aecdb8d97d2,68b9dd8b-3672-41c4-9b28-5aecdb8d97d2,74,1420916914908192
b72b52b0-c3ca-49b1-a5aa-8f6e1b454405,b72b52b0-c3ca-49b1-a5aa-8f6e1b454405,75,1461292850888618
a7959399-d21b-48a4-86b9-7e994ad1b7f1,a7959399-d21b-48a4-86b9-7e994ad1b7f1,76,321923212774109
589c9b2c-aef7-45bc-b695-e03438c3ddf2,589c9b2c-aef7-45bc-b695-e03438c3ddf2,77,1474288682920702
deca7f0f-8613-4017-9a9a-5d3268108889,da7ef126-42e1-478c-81bc-1a2ab21240d7,35,876205573109155
1dec562a-8bcc-471f-9efb-5908e7f3d862,da7ef126-42e1-478c-81bc-1a2ab21240d7,35,488358322361523
09373267-082c-45ef-98a2-5f2dc5973d5f,09373267-082c-45ef-98a2-5f2dc5973d5f,78,810277863199254
6d689b15-d2a7-4edd-bc45-3e9b70f8e1b7,6d689b15-d2a7-4edd-bc45-3e9b70f8e1b7,79,154123600059938
669f6970-c8b9-4169-9bb6-29c159650088,669f6970-c8b9-4169-9bb6-29c159650088,80,470152457416811
02dab523-34ad-4d3c-a8c5-ce97a6eab300,02dab523-34ad-4d3c-a8c5-ce97a6eab300,81,254900596427988
39f18706-4207-4019-a658-40274196e2b0,03b565dd-c427-4148-b5d1-ec2b39aff75a,46,844411959500449
41a1a131-9b3f-491a-afc2-a758ef0d7646,41a1a131-9b3f-491a-afc2-a758ef0d7646,82,968515320550194
e399d260-e342-4fa5-8698-c42e0ea222f8,e399d260-e342-4fa5-8698-c42e0ea222f8,83,3772678062842304
0093d1be-46e5-48c9-9860-78231d6ae7bf,a1fb978c-4cec-4fb3-bfdf-4350081d58c3,36,187776186534598
c56c3565-d26b-485c-8e5b-d9ea937507c0,c56c3565-d26b-485c-8e5b-d9ea937507c0,84,5630023023706547
47406f06-bdae-4447-a446-b6c06c53d208,f1a6236f-567c-4347-b309-f2383292e182,31,2319392814861335
a8feaad3-20db-4008-bc8e-8be21d796c0c,a8feaad3-20db-4008-bc8e-8be21d796c0c,85,481956413037609
05a3ca1a-92dc-4da1-9d59-3e7a29a01c4b,05a3ca1a-92dc-4da1-9d59-3e7a29a01c4b,86,377808300221157
2fb0edae-5f64-478e-a8cb-e7a3d219510e,727815c3-5e49-4649-b803-96b67777ed4b,40,2409732152506811
a40ca250-fbe0-4b7e-92fa-64fae9ba09a8,a40ca250-fbe0-4b7e-92fa-64fae9ba09a8,87,1109135232924085
591a9925-6b3a-4989-8712-fb1772840725,591a9925-6b3a-4989-8712-fb1772840725,88,747406675931683
8b07111a-e371-4fb7-8036-3811669cd0dc,03b565dd-c427-4148-b5d1-ec2b39aff75a,46,1287790194956691
bbea9961-1fe0-40d1-83f7-cadb93e1d544,bbea9961-1fe0-40d1-83f7-cadb93e1d544,89,341814494137169
e4e578c9-f302-423d-a783-9e56ea5ef82b,da7ef126-42e1-478c-81bc-1a2ab21240d7,35,270144761505520
51eb30bc-77be-420d-9d6d-5cb64519b9f4,51eb30bc-77be-420d-9d6d-5cb64519b9f4,90,516984489318211
150cbfdb-6cff-4ff0-a1b0-7ac6a6f1e1f8,150cbfdb-6cff-4ff0-a1b0-7ac6a6f1e1f8,91,479677523246349
32799fa0-9a61-4bce-9293-503c68bdc9f5,32799fa0-9a61-4bce-9293-503c68bdc9f5,92,2862729847298400
7f12b159-bd02-4fa7-bbe5-13c2186097c5,da7ef126-42e1-478c-81bc-1a2ab21240d7,35,1875984615891015
50028edf-467f-4204-b075-ed1694ed3edd,50028edf-467f-4204-b075-ed1694ed3edd,93,285278039909196
762d6f5b-a7c8-4732-b55f-6fbb24abd009,762d6f5b-a7c8-4732-b55f-6fbb24abd009,94,824867138234800
14ffccfb-3851-4a15-897c-4e7fa628eff9,14ffccfb-3851-4a15-897c-4e7fa628eff9,95,335112747948441
3624214c-40a8-4268-9e1b-6c3df675ad41,3624214c-40a8-4268-9e1b-6c3df675ad41,96,295472858780795
75c618a6-d7af-45ad-b850-1d33a590e081,01643e10-467f-406d-b21c-fd975931a51f,50,1218096351956901
3804d0c4-aeb5-48ed-9504-d63ba59b19b4,3804d0c4-aeb5-48ed-9504-d63ba59b19b4,97,327411518726402
176591bd-19fa-450c-b616-8da191f9be16,176591bd-19fa-450c-b616-8da191f9be16,98,309113727371279
3333cbe5-4631-4a80-a453-25f43f817065,f1a6236f-567c-4347-b309-f2383292e182,31,764800620904160
4e612519-c241-43e5-b8f9-7466bcc0a7d8,da7ef126-42e1-478c-81bc-1a2ab21240d7,35,878956852687613
84809997-fbe4-4e74-8eee-9f357ed9b9a8,779306ee-6bef-46cc-b9e7-b014b44bbe48,23,807429669912140
5dabb168-dd80-468b-a900-f5aba24795c6,5dabb168-dd80-468b-a900-f5aba24795c6,99,226858005439937
1f7e52f2-3bbd-4c1c-9bf7-64b9bdde89ed,1f7e52f2-3bbd-4c1c-9bf7-64b9bdde89ed,100,489822908737592
dca88a58-40f3-4298-a20c-57567b0fb23d,e8e20aec-d1a3-4c40-8e4a-770feed13fc7,16,1943004155864914
4b3e06b7-5098-47b4-a093-36de85b96783,4b3e06b7-5098-47b4-a093-36de85b96783,101,914678492427693
674b9f02-543a-4f96-bc48-1742118b4211,674b9f02-543a-4f96-bc48-1742118b4211,102,510672419952490
099a9007-98d1-47eb-8333-b341921d0ead,03b565dd-c427-4148-b5d1-ec2b39aff75a,46,2264966833638839
39d05694-18ec-4021-96d9-c7569b195188,39d05694-18ec-4021-96d9-c7569b195188,103,4145116832194283
4dc9e2cd-c05a-43aa-a12a-d9f1bc6112ae,e8e20aec-d1a3-4c40-8e4a-770feed13fc7,16,198707335427710
282b78ba-b338-40fd-bff5-7ca051d0c03e,282b78ba-b338-40fd-bff5-7ca051d0c03e,104,347807053367581
1ff10b20-eddf-44eb-b313-b9bfc876d926,1ff10b20-eddf-44eb-b313-b9bfc876d926,105,485423902678881
271662b0-3cd8-4621-a204-e6ae62773f87,a54db6ea-9ef6-4f41-862f-2075f39d52f5,17,984241642334559
0073e0ea-9c47-4ade-bc60-4d0659b9e3ea,0073e0ea-9c47-4ade-bc60-4d0659b9e3ea,106,294627235660964
08808c08-ae9e-43ad-a241-c78bb936fd0d,08808c08-ae9e-43ad-a241-c78bb936fd0d,107,1211930612575189
0dd1c427-c5c0-45b5-9b1d-c4916975b125,0dd1c427-c5c0-45b5-9b1d-c4916975b125,108,934904677346260
369416c6-d45a-48fa-9e4a-e4d349407e1d,369416c6-d45a-48fa-9e4a-e4d349407e1d,109,488916152221260
4fe1ef38-a01a-44de-ab81-dbfa93f4cadc,4fe1ef38-a01a-44de-ab81-dbfa93f4cadc,110,476995116909554
3b9a4fd3-3e9c-42c7-a74f-e575e335c010,a54db6ea-9ef6-4f41-862f-2075f39d52f5,17,286087392946454
3b614ad0-5dab-477b-af56-384c65d4727b,3b614ad0-5dab-477b-af56-384c65d4727b,111,891325891420899
614fb38d-c075-456e-88cd-d6ea8f82a017,614fb38d-c075-456e-88cd-d6ea8f82a017,112,1202779976840631
02e46362-7e96-4e49-92d9-1f7d8c8b97d4,02e46362-7e96-4e49-92d9-1f7d8c8b97d4,113,330509698441796
65ce097a-0f81-4f7c-9f31-f1a4c59db5b1,65ce097a-0f81-4f7c-9f31-f1a4c59db5b1,114,482770309600668
912f79d4-89d8-4c41-9ad7-d670fb3d14a5,a54db6ea-9ef6-4f41-862f-2075f39d52f5,17,3961683003899544
02249820-5f47-4e0a-8925-d9c143a57a9c,02249820-5f47-4e0a-8925-d9c143a57a9c,115,617741439182877
6549e6cd-bd1f-4f18-b1dc-76d8c37fc2cf,6549e6cd-bd1f-4f18-b1dc-76d8c37fc2cf,116,139789704748447
6050afe5-6836-4a9b-aafc-dc4a7811ffa9,6050afe5-6836-4a9b-aafc-dc4a7811ffa9,117,512910083192587
be172f78-ed37-4637-b064-83e64d7e9bad,da7ef126-42e1-478c-81bc-1a2ab21240d7,35,307424790939740
78ccf0f2-0b8a-48fc-84e0-67ac5d8a4980,e8e20aec-d1a3-4c40-8e4a-770feed13fc7,16,811349316153539
95412a43-393a-43e1-a120-ffa8c657eafd,95412a43-393a-43e1-a120-ffa8c657eafd,118,315406403393271
68aa7e86-95c0-496f-b4e2-26f4205fc969,68aa7e86-95c0-496f-b4e2-26f4205fc969,119,270591764752794
22cdd575-561f-4c43-a25b-9be94051c7f4,22cdd575-561f-4c43-a25b-9be94051c7f4,120,580975586169187
14c42c51-82e6-4fc7-bda4-80788a89d686,14c42c51-82e6-4fc7-bda4-80788a89d686,121,483234496232843
0f08ad53-89e9-4b23-8c6f-d14666cba019,0f08ad53-89e9-4b23-8c6f-d14666cba019,122,317394073159831
52484306-caa2-4de9-9202-ad650f9f965a,52484306-caa2-4de9-9202-ad650f9f965a,123,226731422368550
7f7c74fe-b2bd-4649-a2f3-77def6bd0b0c,7f7c74fe-b2bd-4649-a2f3-77def6bd0b0c,124,2642353876054626
929648a0-08e5-49be-830b-d5205005eb4c,779306ee-6bef-46cc-b9e7-b014b44bbe48,23,464716948156718
4d7d30be-4234-4df3-83cc-e729359c6543,4d7d30be-4234-4df3-83cc-e729359c6543,125,2663027237322928
d1d93707-149c-427b-978c-95e997ebd89d,3b108026-9e31-416e-8d25-a9ec77f3a71f,57,176989854335975
bbb04ef8-56ad-40e3-a2ac-d8af9138d90b,f1a6236f-567c-4347-b309-f2383292e182,31,1696096790598028
84aca29f-78fb-4fd3-869f-b16e2d46d10b,3b108026-9e31-416e-8d25-a9ec77f3a71f,57,241388741114733
47a888e4-22f4-4141-ad78-23ac1b93a3a2,779306ee-6bef-46cc-b9e7-b014b44bbe48,23,466723881225608
6c272d83-d3b4-4d26-9ba6-f101420a3c4c,8f46f952-caed-46fe-a605-7ba90f3aa69c,62,214119476948301
681e777d-0923-4c50-a046-b465a2b798a9,779306ee-6bef-46cc-b9e7-b014b44bbe48,23,199152425370309
bb193024-737c-4410-b494-528bfa4ab33a,779306ee-6bef-46cc-b9e7-b014b44bbe48,23,1230318957425528
f949e3da-9aa1-433c-b9ab-e60ab123c0f8,f949e3da-9aa1-433c-b9ab-e60ab123c0f8,126,145536510883672
a9dc25f1-0ee4-4d05-9326-1b0fe30b26ac,a9dc25f1-0ee4-4d05-9326-1b0fe30b26ac,127,472653144042515
c4c43673-091f-497f-8627-5124ac95e054,c4c43673-091f-497f-8627-5124ac95e054,128,326167512237019
2f6fc40c-274d-4dbb-bd85-e57d0da150ce,e8e20aec-d1a3-4c40-8e4a-770feed13fc7,16,198157068696317
4f61e83a-20ae-4305-b7b0-7501478df66a,4f61e83a-20ae-4305-b7b0-7501478df66a,129,108117001409015
ac91a1ac-2113-4e6f-9aa2-9960185f4c36,ac91a1ac-2113-4e6f-9aa2-9960185f4c36,130,2516803121947747
548e6e39-5c5a-4ad4-9c77-d515e78ca745,548e6e39-5c5a-4ad4-9c77-d515e78ca745,131,3420953781341145
4c2c16a2-6b3b-4d2c-8726-b92f6c43f1dd,4c2c16a2-6b3b-4d2c-8726-b92f6c43f1dd,132,471336680643798
208aad12-93d9-4209-9837-84ab9cf3ac66,208aad12-93d9-4209-9837-84ab9cf3ac66,133,926250398165882
9a7db9c1-d98f-4b03-8d5c-f0dacdf79e93,9a7db9c1-d98f-4b03-8d5c-f0dacdf79e93,134,749981399000219
d71d405d-4db5-4441-9619-f25eb679d277,da7ef126-42e1-478c-81bc-1a2ab21240d7,35,2859458157652884
808df48c-632e-45ac-ae1c-c3096cb8c33b,808df48c-632e-45ac-ae1c-c3096cb8c33b,135,334940984685991
344e7229-e4c7-45ed-a4d5-976241f0f1d5,344e7229-e4c7-45ed-a4d5-976241f0f1d5,136,948731115884744
829f9f61-a889-447b-a3ed-7df3fc0a6f24,829f9f61-a889-447b-a3ed-7df3fc0a6f24,137,298987735044844
50318786-4b12-4a67-96a1-fae93eefb2ae,50318786-4b12-4a67-96a1-fae93eefb2ae,138,2060833974089906
0a108b82-9d59-4e24-8be7-0b0a6d7ed9e9,0a108b82-9d59-4e24-8be7-0b0a6d7ed9e9,139,1462402807441053
4341ecc7-7028-4538-afe1-0172d7f6c3e7,4341ecc7-7028-4538-afe1-0172d7f6c3e7,140,3859397600848138
4781393c-0c69-4ce4-926d-7d3d7e8d3a7a,3b108026-9e31-416e-8d25-a9ec77f3a71f,57,309915447308657
ddb4c0d2-9580-41fe-ac27-aa54a9764a9a,03b565dd-c427-4148-b5d1-ec2b39aff75a,46,991838578018936
2a1e1b15-ee11-4ed0-8845-0bfefb914116,2a1e1b15-ee11-4ed0-8845-0bfefb914116,141,551872195984242
11cb76f6-e4ba-4b5b-9c7a-cc67f0432f5a,11cb76f6-e4ba-4b5b-9c7a-cc67f0432f5a,142,564879598234275
0c1ebbfa-5a27-4e87-8f80-dda2ee952498,0c1ebbfa-5a27-4e87-8f80-dda2ee952498,143,820127545548411
4c9b624f-bc9e-408b-8a16-37799cf308ea,da7ef126-42e1-478c-81bc-1a2ab21240d7,35,879260605988197
31e8064c-883c-4f92-9970-0c2158a20cf5,da7ef126-42e1-478c-81bc-1a2ab21240d7,35,277963510698260
a88a48c8-c185-4d00-b654-83c53af1919c,779306ee-6bef-46cc-b9e7-b014b44bbe48,23,307712150868013
c2c0e08d-eb61-44d6-845b-6c6474c5154d,779306ee-6bef-46cc-b9e7-b014b44bbe48,23,1673028639550468
2ea7fe29-af5f-42b7-ae34-b07fb64b85c3,2ea7fe29-af5f-42b7-ae34-b07fb64b85c3,144,802448147344813
14827238-47a2-454f-bcda-53a13deb3181,b72b52b0-c3ca-49b1-a5aa-8f6e1b454405,75,491716088829873
e60d863d-6121-4a8c-84d2-18a16c9bcc70,e60d863d-6121-4a8c-84d2-18a16c9bcc70,145,323610895789062
6fdd5c60-73ef-4dd6-816f-c54205974d3d,6fdd5c60-73ef-4dd6-816f-c54205974d3d,146,524646825612792
2e14a349-6c0e-4b3a-a3f6-1d4283599ee2,2e14a349-6c0e-4b3a-a3f6-1d4283599ee2,147,808532923430564
cd900337-ae75-40b3-a8dd-6ba84af026a8,cd900337-ae75-40b3-a8dd-6ba84af026a8,148,927235187837597
688de937-4a89-4544-9a29-fdff192fd6c2,688de937-4a89-4544-9a29-fdff192fd6c2,149,157449309659079
79ffe848-8095-4566-9e9e-a8fb2cb13ec1,79ffe848-8095-4566-9e9e-a8fb2cb13ec1,150,840912749855687
298817e7-a452-4d09-bd94-0017c3b040b5,298817e7-a452-4d09-bd94-0017c3b040b5,151,2965710117084949
587855b4-1789-470c-92b7-890eba822777,779306ee-6bef-46cc-b9e7-b014b44bbe48,23,208506684226142
1f0b85d9-4212-4369-899a-0e5227637fff,1f0b85d9-4212-4369-899a-0e5227637fff,152,563502275038404
d1c96d4c-b562-4c72-ac01-cb8e99eb9aa6,f1a6236f-567c-4347-b309-f2383292e182,31,326398735515288
b7faec3b-05af-4d3c-ac0d-8b4ea42952b7,da7ef126-42e1-478c-81bc-1a2ab21240d7,35,292786949139160
1b40a24e-3068-4871-be56-98916d83ccd1,1b40a24e-3068-4871-be56-98916d83ccd1,153,221471239422733
23493826-95d5-4dc6-8037-b1e622caf3ee,23493826-95d5-4dc6-8037-b1e622caf3ee,154,496205101430408
e382ac08-bc0e-455d-9f9b-885a98321519,da7ef126-42e1-478c-81bc-1a2ab21240d7,35,1149259195574037
47ef54ae-3b18-433d-93c9-377275e3f599,da7ef126-42e1-478c-81bc-1a2ab21240d7,35,310266827281490
082da119-c2af-4a50-86e5-d5ffb4d6f7d8,da7ef126-42e1-478c-81bc-1a2ab21240d7,35,326040902406098
330682ca-b47c-4035-877f-3394afe12a2b,e8e20aec-d1a3-4c40-8e4a-770feed13fc7,16,819251039013917
a7661f67-b56e-4f0b-8e3f-fa2b06f520ca,da7ef126-42e1-478c-81bc-1a2ab21240d7,35,124155569703909
ac621fcc-0a10-4f8d-8d9f-79fcbf32e238,f1a6236f-567c-4347-b309-f2383292e182,31,1128704744272858
13ebc948-e7de-4b54-b80a-ce7299dcc39c,13ebc948-e7de-4b54-b80a-ce7299dcc39c,155,298136468451221
8f102ee4-52ce-4536-ab0d-975b5dd71ce9,ac91a1ac-2113-4e6f-9aa2-9960185f4c36,130,457460772010975
124cd50c-eecf-43f6-bce9-fadaf18e8611,124cd50c-eecf-43f6-bce9-fadaf18e8611,156,323497615823770
58cc3ff5-cc87-4c06-8814-f08576fd83ce,58cc3ff5-cc87-4c06-8814-f08576fd83ce,157,622295139171028
112b6774-ce75-48a2-a52d-fec8cb201b5f,112b6774-ce75-48a2-a52d-fec8cb201b5f,158,2989414987938532
98485f29-cfe3-49b8-8ea3-f3d9988cbb89,e8e20aec-d1a3-4c40-8e4a-770feed13fc7,16,383439489566098
2da8c0de-e0e3-4de7-9a1e-3e3289db9692,a54db6ea-9ef6-4f41-862f-2075f39d52f5,17,555698698756460
2060b487-6a04-4f76-ab12-3e52b1f14a94,2060b487-6a04-4f76-ab12-3e52b1f14a94,159,759172174780199
2b78e6f7-e03f-494c-9b34-e3d50b02b49f,2b78e6f7-e03f-494c-9b34-e3d50b02b49f,160,2817810895216286
a31bd87e-1cc2-4759-8c1f-ddfa6d740753,3b108026-9e31-416e-8d25-a9ec77f3a71f,57,521182958894425
caba71ae-635c-451a-910c-92aea491998f,da7ef126-42e1-478c-81bc-1a2ab21240d7,35,324718125672981
2008f89b-2e14-456d-9e44-e23725b34dc7,5aa57ec1-697b-4597-b88e-75e637a435f5,66,146232620817315
10a5f5b6-8d7c-4921-a068-552bd0087ace,10a5f5b6-8d7c-4921-a068-552bd0087ace,161,1129506127476399
98c54d2c-7799-4351-bd6d-34969d5c3a4f,779306ee-6bef-46cc-b9e7-b014b44bbe48,23,525665025100432
7300fbdd-faac-425b-b4de-30ba628eec2b,7300fbdd-faac-425b-b4de-30ba628eec2b,162,1212867379150457
bc36ee85-59c5-4409-8bdb-c5aeeacf805f,bc36ee85-59c5-4409-8bdb-c5aeeacf805f,163,499658984696260
91d4ce2e-9cfc-4c30-96e3-ba94484bec79,91d4ce2e-9cfc-4c30-96e3-ba94484bec79,164,196200992355330
4524f6a8-42b2-4b80-8a49-be0f26cbf2df,77eb8fd7-8606-4582-8b2c-55404e2f70a7,8,3155150778039730
30d89575-a3c7-4a3c-ba07-84e7c351c4ad,30d89575-a3c7-4a3c-ba07-84e7c351c4ad,165,185736596635377
d8d9cfe3-806b-4cde-8976-0bd62f92fc7d,da7ef126-42e1-478c-81bc-1a2ab21240d7,35,185620263421351
7c700756-aade-461a-bea5-664882bdf070,7c700756-aade-461a-bea5-664882bdf070,166,928306647737725
75937f67-fd5a-4ed6-ab89-039586a004b6,75937f67-fd5a-4ed6-ab89-039586a004b6,167,363457105173926
a521e39c-616d-471b-839c-9bcb776cd733,a521e39c-616d-471b-839c-9bcb776cd733,168,945858639523998
a2c3aee1-ba20-4ac9-b9bd-ccb4deb6c962,a2c3aee1-ba20-4ac9-b9bd-ccb4deb6c962,169,280283233797058
2721797b-fc94-4cd0-a12f-9486d668e883,2721797b-fc94-4cd0-a12f-9486d668e883,170,475743690351656
8b0b0d2c-2d24-4eea-93bb-07e588f3ed4f,8b0b0d2c-2d24-4eea-93bb-07e588f3ed4f,171,1492850124390592
9fb9b92f-0d25-46b0-8f6f-5ba347f90f92,03b565dd-c427-4148-b5d1-ec2b39aff75a,46,1173596306421697
d1d509a2-4d51-4cbb-9a8a-a7fee4e48056,03b565dd-c427-4148-b5d1-ec2b39aff75a,46,2562701824031801
923d3fcc-1a10-45cd-9475-2021cb8cfa70,923d3fcc-1a10-45cd-9475-2021cb8cfa70,172,289595086176856
761b06d7-55dd-446d-abf0-4cf483f571c5,761b06d7-55dd-446d-abf0-4cf483f571c5,173,183712793606916
59801249-d4d4-4470-a419-0ee26044014a,59801249-d4d4-4470-a419-0ee26044014a,174,313500523639603
cca87615-396f-4fd8-9b5c-60c9f8cb464b,779306ee-6bef-46cc-b9e7-b014b44bbe48,23,186626753316942
9ca032bc-c491-4a2c-9a2f-ebbb26e732de,30d89575-a3c7-4a3c-ba07-84e7c351c4ad,165,278794720611744
b80ca72e-c919-4c92-87ad-37c4fda496f5,da7ef126-42e1-478c-81bc-1a2ab21240d7,35,395184544865661
1213f983-efa7-4493-8c68-98ba7d84ec0b,1213f983-efa7-4493-8c68-98ba7d84ec0b,175,794874681157337
8379d099-2ce7-435f-9d7e-510d52a7d4cd,8379d099-2ce7-435f-9d7e-510d52a7d4cd,176,150968510334970
af0349b8-9b33-4ad2-b1fb-e820f29ebad8,e60d863d-6121-4a8c-84d2-18a16c9bcc70,145,264558228685123
a74eb611-f335-4aaa-aac0-2a612c3c4625,a74eb611-f335-4aaa-aac0-2a612c3c4625,177,4024012084332608
8f339b34-a5f8-4a39-908e-0b0c83bd3310,8f339b34-a5f8-4a39-908e-0b0c83bd3310,178,862898464437717
7a4edd85-f264-40c9-ab21-3277a2a2a18b,7a4edd85-f264-40c9-ab21-3277a2a2a18b,179,311889453681515
3d922917-8085-4d91-9356-df930f6dc85d,5009d12f-ec1e-43c5-a6d4-ac80e1e6e0d0,42,1099533857222181
71316d38-8a43-4d1e-a994-8f99d7e106b4,71316d38-8a43-4d1e-a994-8f99d7e106b4,180,305633237708810
416ad0a0-92a7-4c13-956c-1b76058bbfea,3b108026-9e31-416e-8d25-a9ec77f3a71f,57,815205169093504
6a929960-9875-4aac-a3a8-e8f373708274,6a929960-9875-4aac-a3a8-e8f373708274,181,507876097250080
43e8a2ce-07fd-4bf4-95a0-71b0a3fb4732,e8e20aec-d1a3-4c40-8e4a-770feed13fc7,16,1685692811624455
82eec177-42bb-45b8-a71e-bcc9a2ec620d,a1d3785c-aaa5-4556-9efc-b3a1c1a31466,182,4127486657312653
914890c0-c617-4fcd-b542-481229face6e,914890c0-c617-4fcd-b542-481229face6e,183,213464377006248
36a32cdc-fa58-464c-8521-2331c58324fd,6228e778-752f-41a9-b238-9fcb4089e6b1,11,1183948412041401
38d2a2b7-dbdf-4b83-bc90-f1f735798ce5,38d2a2b7-dbdf-4b83-bc90-f1f735798ce5,184,1121082781714606
0e0dde97-f380-4fb5-a98f-c540fd0333bf,77eb8fd7-8606-4582-8b2c-55404e2f70a7,8,507343954034055
bddb2c0a-ed2e-4939-b7b1-91049db56edc,bddb2c0a-ed2e-4939-b7b1-91049db56edc,185,523346662179980
1a702320-3421-4225-a216-c2d1cc0f7179,1a702320-3421-4225-a216-c2d1cc0f7179,186,287501159752248
a281e094-9bcd-48ce-ae0a-b38c4195ee1f,da7ef126-42e1-478c-81bc-1a2ab21240d7,35,4059108610791245
6308f49c-c424-49c7-b308-66ba1ac47a29,6308f49c-c424-49c7-b308-66ba1ac47a29,187,2590108904446055
2fe6c578-1408-4178-86e5-0c9c44cd7388,2fe6c578-1408-4178-86e5-0c9c44cd7388,188,867141500825271
35d8271d-f1b5-4416-93a7-c5ab4d89c92c,03b565dd-c427-4148-b5d1-ec2b39aff75a,46,584657235845757
024ee9d2-e583-4c56-aec9-d1026cad162e,024ee9d2-e583-4c56-aec9-d1026cad162e,189,377985190217929
7d38ee2b-b66b-4f5b-abcb-3f3af9645493,7d38ee2b-b66b-4f5b-abcb-3f3af9645493,190,4067890889957618
88e8af43-0ed8-422b-ac50-a12c2f9aee65,1b40a24e-3068-4871-be56-98916d83ccd1,153,989530288250338
ab4060cd-1d5e-44c4-90cb-23b8c8496b20,ab4060cd-1d5e-44c4-90cb-23b8c8496b20,191,195220285824566
810af5cb-2a70-45f0-a6fc-a5c8ee2a1e57,810af5cb-2a70-45f0-a6fc-a5c8ee2a1e57,192,329425191994699
017d514a-b9a2-4493-bcdf-0aa19f8f3538,e8e20aec-d1a3-4c40-8e4a-770feed13fc7,16,804497190445185
73fd1a47-e829-43f7-9811-355cac1d930f,da7ef126-42e1-478c-81bc-1a2ab21240d7,35,3238465906384267
5bb11676-ea6a-47c1-ac98-469e7d005a1c,01643e10-467f-406d-b21c-fd975931a51f,50,926222767924484
640f909e-d1c9-4982-92a5-adbdec613c29,640f909e-d1c9-4982-92a5-adbdec613c29,193,470963867507656
51711d0e-dc1c-4f6d-9c2b-e7037b6916b6,51711d0e-dc1c-4f6d-9c2b-e7037b6916b6,194,4176244895773537
74e6d2bf-c97b-4563-bf5b-b575817557fd,3b108026-9e31-416e-8d25-a9ec77f3a71f,57,181539697200256
b1efe3ea-f1b4-4b61-8a0f-5daa9c6b88cc,b1efe3ea-f1b4-4b61-8a0f-5daa9c6b88cc,195,530750224613177
4e48ad62-957f-4b9a-af8d-196c005e1c01,4e48ad62-957f-4b9a-af8d-196c005e1c01,196,318933119734333
9ad346b2-97b1-4721-be87-574ceea31f83,77eb8fd7-8606-4582-8b2c-55404e2f70a7,8,155592013126617
199f0c85-61e7-4d15-b7e2-57a0e42f3cd5,199f0c85-61e7-4d15-b7e2-57a0e42f3cd5,197,511828663281759
cad2abac-3af3-43c0-b861-0e43af7eda8c,779306ee-6bef-46cc-b9e7-b014b44bbe48,23,808728799748878
48e7d988-b464-447a-b235-dc05db2188be,48e7d988-b464-447a-b235-dc05db2188be,198,293738515818762
873234b3-e385-4706-9006-ecdd1e536d4d,873234b3-e385-4706-9006-ecdd1e536d4d,199,4155167374504996
1a36e08e-3a9b-4542-bdd7-a4a7499f133f,1a36e08e-3a9b-4542-bdd7-a4a7499f133f,200,215639140108669
1cd4efaf-7306-40d4-96d5-45d63dff8394,f1a6236f-567c-4347-b309-f2383292e182,31,312050030488631
6614ab8c-aed8-47fa-9347-09e8a3a4bf03,6614ab8c-aed8-47fa-9347-09e8a3a4bf03,201,1108587489643841
52eb973b-0178-4443-ab9e-ddc2c1b84f05,52eb973b-0178-4443-ab9e-ddc2c1b84f05,202,2758756861011773
5218c968-72ec-48ca-b6b9-7f71280ab000,5218c968-72ec-48ca-b6b9-7f71280ab000,203,288853649388450
713a2c57-17dc-4eb8-ba1d-0f194021ad00,779306ee-6bef-46cc-b9e7-b014b44bbe48,23,305415374406897
bbee0cfb-9875-4008-9685-fb92a0bc2368,bbee0cfb-9875-4008-9685-fb92a0bc2368,204,3046413045587997
1dbf76ac-81bf-4ee9-8ab6-19c744430840,1dbf76ac-81bf-4ee9-8ab6-19c744430840,205,458731382179859
251855fe-0260-4843-92df-750590a7bdb5,a54db6ea-9ef6-4f41-862f-2075f39d52f5,17,302615368148012
155fb6ea-604a-4653-bf5e-8da6e0d5627f,155fb6ea-604a-4653-bf5e-8da6e0d5627f,206,479357790016923
89fa66ae-f6c5-4ae2-93d5-388c5c469e8f,77eb8fd7-8606-4582-8b2c-55404e2f70a7,8,1194425844313474
e3eb1cf7-a792-4927-96ec-5298fe0bbbb6,e3eb1cf7-a792-4927-96ec-5298fe0bbbb6,207,1222682994830494
26c01ff3-00a6-49ec-b06d-a5ebed16a466,26c01ff3-00a6-49ec-b06d-a5ebed16a466,208,1133256277192571
a1d3785c-aaa5-4556-9efc-b3a1c1a31466,a1d3785c-aaa5-4556-9efc-b3a1c1a31466,182,483396422739414
7d479f75-fec0-48f5-91d4-ed06101362fd,7d479f75-fec0-48f5-91d4-ed06101362fd,209,216753576921424
1d1b5710-d92c-4089-beaf-b8e0ca57e30b,da7ef126-42e1-478c-81bc-1a2ab21240d7,35,773745143513976
297485b2-8495-4c56-b5c4-bafe5488c3c2,297485b2-8495-4c56-b5c4-bafe5488c3c2,210,999521610816978
dac1e4a1-1783-4ee7-b438-461e85d4edd4,dac1e4a1-1783-4ee7-b438-461e85d4edd4,211,789530458417763
540629d3-2e02-4fb9-bc22-c0c6a02d531e,540629d3-2e02-4fb9-bc22-c0c6a02d531e,212,196382438876152
50b6c06f-c6e7-4067-849c-3d6d30efb095,779306ee-6bef-46cc-b9e7-b014b44bbe48,23,1232280327227575
69bc163b-88b3-4fee-a44c-36454efb0e05,69bc163b-88b3-4fee-a44c-36454efb0e05,213,158504426234489
f4cad0a7-97aa-4bf0-b81f-4a55981837a2,03b565dd-c427-4148-b5d1-ec2b39aff75a,46,946889036103620
469e44c5-400b-478c-84a1-d673e1f4ed9d,469e44c5-400b-478c-84a1-d673e1f4ed9d,214,287753869472028
b8cce824-c9a5-4bff-9a9b-9e8d00920a33,779306ee-6bef-46cc-b9e7-b014b44bbe48,23,957155405054638
486478ad-6ddb-44c6-a812-b62edb93b8b6,77eb8fd7-8606-4582-8b2c-55404e2f70a7,8,2900981166840194
6254de3e-0676-40fd-b19c-34d82079bf56,e8e20aec-d1a3-4c40-8e4a-770feed13fc7,16,469248954367635
11a02488-3b28-401d-905e-4afdc1a23ade,11a02488-3b28-401d-905e-4afdc1a23ade,215,1837832939742782
576034cb-d7b6-4f09-a2b1-b903bfb57a55,6a929960-9875-4aac-a3a8-e8f373708274,181,501186234352360
1b939474-2f5d-4272-8824-32f97f296cc5,1b939474-2f5d-4272-8824-32f97f296cc5,216,513339426679663
3b2b687e-63b3-467b-b622-f9933023b6d1,779306ee-6bef-46cc-b9e7-b014b44bbe48,23,225689455586777
1a98a5ad-cdb4-41db-bc4b-ab61e4263724,1a98a5ad-cdb4-41db-bc4b-ab61e4263724,217,512737476428549
29b6f247-73bc-412f-a262-391bd83e02b2,29b6f247-73bc-412f-a262-391bd83e02b2,218,2866996196951552
7ff1b8c6-9030-417c-8275-688c675c48c0,7ff1b8c6-9030-417c-8275-688c675c48c0,219,3436236786477002
46c904f1-1936-412d-bdf5-74944e4e659a,46c904f1-1936-412d-bdf5-74944e4e659a,220,513847783089646
88955166-cf96-4a5b-a866-f7b8f79156e7,88955166-cf96-4a5b-a866-f7b8f79156e7,221,137377241719841
ada9e017-abcb-4a67-a56e-a6ff330c6e35,ada9e017-abcb-4a67-a56e-a6ff330c6e35,222,916080022297970
4dbae504-79e5-411e-95ef-a1f9a27743e8,52484306-caa2-4de9-9202-ad650f9f965a,123,221713256262811
90733127-202b-4649-ae0b-dc528f7c3b39,e8e20aec-d1a3-4c40-8e4a-770feed13fc7,16,509879960191862
6b4f58b4-29a0-40c7-b1a2-315d7a60c546,1b40a24e-3068-4871-be56-98916d83ccd1,153,133525695408214
7153c70e-391b-41b0-8eff-4f3476ce68de,da7ef126-42e1-478c-81bc-1a2ab21240d7,35,2256392424490872
21f04308-d86d-4a13-b7ca-f28c44f876e1,21f04308-d86d-4a13-b7ca-f28c44f876e1,223,220002416464108
d294a43d-324c-4bb6-9772-dbc9eefe8726,3b108026-9e31-416e-8d25-a9ec77f3a71f,57,942990096518897
87709902-b3a9-4a11-8170-e2a01c05ab8c,87709902-b3a9-4a11-8170-e2a01c05ab8c,224,172446688118683
000b4f29-6578-430e-aa85-14a00efa204b,77eb8fd7-8606-4582-8b2c-55404e2f70a7,8,4052969721457971
539bf955-bdbd-4b80-91ab-264eff2f1574,539bf955-bdbd-4b80-91ab-264eff2f1574,225,324345585715996
a486e4ea-f275-49bc-8433-5428c6aba6c7,a486e4ea-f275-49bc-8433-5428c6aba6c7,226,1716772005161964
62eecd89-6945-4bb3-a4a8-bd59a6136d83,62eecd89-6945-4bb3-a4a8-bd59a6136d83,227,490807678785289
0f8b4a09-47ff-4783-bf92-6eeabb8871bf,0f8b4a09-47ff-4783-bf92-6eeabb8871bf,228,473303837080571
47a08e18-7eba-4952-b3d1-b71eab8900f7,47a08e18-7eba-4952-b3d1-b71eab8900f7,229,317233863453916
43061466-ade9-4138-851b-e21181564f4e,6fdd5c60-73ef-4dd6-816f-c54205974d3d,146,1871933896296146
333fdd1f-df28-411d-b870-f72c8bac910e,333fdd1f-df28-411d-b870-f72c8bac910e,230,336792731115001
4410cb7f-a84c-4254-ac02-d7d955f98114,ada9e017-abcb-4a67-a56e-a6ff330c6e35,222,536509857361531
09a49c02-d045-4c5d-a6b3-a49d022957b8,03b565dd-c427-4148-b5d1-ec2b39aff75a,46,228802611909351
0662e108-fe00-4eca-8561-f0f61dcbaf73,0662e108-fe00-4eca-8561-f0f61dcbaf73,231,1451038781901041
40eb1f7e-48ae-44e6-be00-bee709fc0db1,40eb1f7e-48ae-44e6-be00-bee709fc0db1,232,145560690818195
3b9f14be-fe95-4cd6-9cc4-fd8d8c9b56fe,3b9f14be-fe95-4cd6-9cc4-fd8d8c9b56fe,233,108690271303894
283b02c1-52a1-46cc-8f53-fd2af78c03a5,03b565dd-c427-4148-b5d1-ec2b39aff75a,46,506493493826184
33dad130-afcf-4761-8d46-c0b19e263b3e,6228e778-752f-41a9-b238-9fcb4089e6b1,11,109398171222843
b4745af0-51df-4376-9e45-e9dcf10086fb,b4745af0-51df-4376-9e45-e9dcf10086fb,234,811746163092468
47c07ee9-8efa-4038-8f60-d9226cbbcae7,47c07ee9-8efa-4038-8f60-d9226cbbcae7,235,3626260047479471
ea450fcd-267d-4c1e-b8fa-382f10c73304,da7ef126-42e1-478c-81bc-1a2ab21240d7,35,2932516903690894
17cba749-4e35-4619-8c58-7246f81df809,17cba749-4e35-4619-8c58-7246f81df809,236,2845743999021060
9f8ba475-b168-49d6-819c-7b19acb5e12f,e8e20aec-d1a3-4c40-8e4a-770feed13fc7,16,4062634870480978
47504069-447b-48a0-846f-683d511b22e8,47504069-447b-48a0-846f-683d511b22e8,237,282825393515628
4153d248-dfcd-423f-9f21-199b28ac3248,4153d248-dfcd-423f-9f21-199b28ac3248,238,771095756943558
087933b5-dfdc-4abf-9ee5-e715bfaf3b5b,087933b5-dfdc-4abf-9ee5-e715bfaf3b5b,239,456761882054973
06bae743-3f02-461e-80e6-93736158bdbe,06bae743-3f02-461e-80e6-93736158bdbe,240,2864010230479271
40b98615-5a62-4667-a2c4-48707ca27e9d,40b98615-5a62-4667-a2c4-48707ca27e9d,241,316295900134989
54e7deb7-57b5-401e-88ac-738616768285,03b565dd-c427-4148-b5d1-ec2b39aff75a,46,256347772945390
383aa9a7-e586-48ff-b8db-c5a36d3d94de,383aa9a7-e586-48ff-b8db-c5a36d3d94de,242,302097864736250
956b0433-a285-4ee2-be13-f4e95155e2d2,77eb8fd7-8606-4582-8b2c-55404e2f70a7,8,1153027021837622
59ac6402-294b-48b2-817b-724471e0b546,59ac6402-294b-48b2-817b-724471e0b546,243,2750559411922456
6555a44d-375e-4940-a90a-2f668393ee88,6555a44d-375e-4940-a90a-2f668393ee88,244,135480088525774
2056a37b-ff37-4ca5-95d8-4707103824fe,da7ef126-42e1-478c-81bc-1a2ab21240d7,35,319606282937464
536d5b07-2dc8-4a05-9384-bc7884cd459d,0a108b82-9d59-4e24-8be7-0b0a6d7ed9e9,139,1832389490272102
a087690a-1be9-4958-9c11-7171fe15ac1d,a087690a-1be9-4958-9c11-7171fe15ac1d,245,305414707812037
3f452c83-95c9-4b97-b623-9d9f4d31bb2c,3f452c83-95c9-4b97-b623-9d9f4d31bb2c,246,969395156931251
3ac7e40c-b097-406c-b6f9-e32b7f7c8dac,3ac7e40c-b097-406c-b6f9-e32b7f7c8dac,247,473400840629859
1ca73465-abc3-4f28-b7bc-d5ec32a8d756,77eb8fd7-8606-4582-8b2c-55404e2f70a7,8,473483353933682
3bfb08c5-f228-4747-b94b-bb65913f2b12,3bfb08c5-f228-4747-b94b-bb65913f2b12,248,894676227781623
c190025b-24a3-4eac-9e90-6ea2e248da1d,0f559ddb-e6a0-41cd-b039-4777a94fa634,45,1392956174404196
14bc12bc-2708-4523-9f0b-7b35326733cb,14bc12bc-2708-4523-9f0b-7b35326733cb,249,1400656623631804
07c38dc9-88e8-497e-8707-f2e2210cf267,07c38dc9-88e8-497e-8707-f2e2210cf267,250,675948453184164
84df32ee-3575-464f-9857-03b48b5f3c3a,84df32ee-3575-464f-9857-03b48b5f3c3a,251,831893634113336
47f93a26-1216-4508-8c6d-aa91e92f02e5,47f93a26-1216-4508-8c6d-aa91e92f02e5,252,527386604930438
4bfa1d8d-7559-49f9-b437-a1a715db917e,4bfa1d8d-7559-49f9-b437-a1a715db917e,253,3653284134783998
0a528113-2862-4997-bcea-2b87b5126c4e,0a528113-2862-4997-bcea-2b87b5126c4e,254,2964748060470341
ac2bfcba-6bb0-4122-92d2-b784226ec2e2,f1a6236f-567c-4347-b309-f2383292e182,31,764901830892636
23eedcf0-3107-4946-aa61-396d4bc006be,da7ef126-42e1-478c-81bc-1a2ab21240d7,35,1441511256220553
54626200-7132-450c-a8de-7cabd32b8008,f1a6236f-567c-4347-b309-f2383292e182,31,293604102191163
5d34678f-9e39-4713-bb8f-395104e8c534,5d34678f-9e39-4713-bb8f-395104e8c534,255,459987975106586
979813e2-42ef-451d-81d1-33366588ade9,979813e2-42ef-451d-81d1-33366588ade9,256,4176443025719801
199c9510-d056-4c2b-8026-70ddf66be44b,199c9510-d056-4c2b-8026-70ddf66be44b,257,528310931879089
55ce1c34-a490-4ddb-818d-ce641dd09b6d,6fdd5c60-73ef-4dd6-816f-c54205974d3d,146,271622164657119
cbf5a42e-faf6-4c9b-a980-4688709ae370,a1d3785c-aaa5-4556-9efc-b3a1c1a31466,182,515564119640954
3b1ec41d-1f73-4344-8f7e-f3d4407980ae,3b1ec41d-1f73-4344-8f7e-f3d4407980ae,258,127287879382256
118273dc-3621-4e48-930b-8d99965a97d1,f1a6236f-567c-4347-b309-f2383292e182,31,1003462750057926
00ad34b7-0666-4052-a88c-cff5c4d950c3,00ad34b7-0666-4052-a88c-cff5c4d950c3,259,1444229345926768
7b83a254-4be3-4e05-9954-ced160cb19ad,7b83a254-4be3-4e05-9954-ced160cb19ad,260,1545724142292948
12be6e1e-f649-4407-b4e5-473de9131e8b,a1d3785c-aaa5-4556-9efc-b3a1c1a31466,182,810409176509581
97402a3c-f1d4-4fff-bcee-7e7018b69a3d,e8e20aec-d1a3-4c40-8e4a-770feed13fc7,16,183460670211804
0a70ead9-c40c-4bb8-9d0e-488689b67e51,0a70ead9-c40c-4bb8-9d0e-488689b67e51,261,491151025366473
045d6672-e220-471e-b2c1-f20f86446cc7,045d6672-e220-471e-b2c1-f20f86446cc7,262,397309017944278
2fd2b88a-a5b2-45e8-b08c-94852f2bcbf0,2fd2b88a-a5b2-45e8-b08c-94852f2bcbf0,263,502292480897978
21dfabb6-2d39-42a5-8f4f-893d3bb1d249,21dfabb6-2d39-42a5-8f4f-893d3bb1d249,264,308884563956915
97319a40-f61a-4bff-8587-03c422fcf9cf,97319a40-f61a-4bff-8587-03c422fcf9cf,265,464624861270395
165b5fc4-f721-4dc1-8b01-59b86657be03,e8e20aec-d1a3-4c40-8e4a-770feed13fc7,16,470647164242743
5f9cd1ef-baab-4073-ae38-61bb247b4f24,47c07ee9-8efa-4038-8f60-d9226cbbcae7,235,1232803743846397
2f87f238-f7ef-46dc-9978-c5fb10d9a5fa,2f87f238-f7ef-46dc-9978-c5fb10d9a5fa,266,381475293125854
d6522abc-c3a0-4576-9fd1-2d33ff0b6f64,779306ee-6bef-46cc-b9e7-b014b44bbe48,23,152829280141443
bae2d503-d193-41e7-b289-b1fd8b4fa773,40b1cf5d-e96c-4bb1-b12d-a224d716d7d7,37,4546131218735134
4ef4f069-03dc-4397-9db0-34eea340183f,bf6e1ab5-92a5-4a75-b260-5277291def82,56,327849592108439
a0135c9c-17fa-43ce-8235-5fc0fe178ac1,52484306-caa2-4de9-9202-ad650f9f965a,123,501073111136712
763117c6-6aaa-4b03-a332-50acf301f781,95412a43-393a-43e1-a120-ffa8c657eafd,118,813337775975994
41086a73-f08f-4f40-b960-d9fdea1dd551,a54db6ea-9ef6-4f41-862f-2075f39d52f5,17,303711214537387
31c015a5-71a2-4ff9-b114-2647fb1bfd71,da7ef126-42e1-478c-81bc-1a2ab21240d7,35,201842085107824
16d5a8ed-0722-4c62-b212-b768948beb8e,3804d0c4-aeb5-48ed-9504-d63ba59b19b4,97,518154525994590
05d73790-d865-4ead-abbc-09b6ee145ac2,05d73790-d865-4ead-abbc-09b6ee145ac2,267,778908562986093
b524521f-93f1-4683-8de3-fdb3e1df9457,b524521f-93f1-4683-8de3-fdb3e1df9457,268,495051704944889
591f5b08-1e56-4c9a-b22a-a1a880dd3245,591f5b08-1e56-4c9a-b22a-a1a880dd3245,269,494875828401397
0b29718d-89cf-408b-b5f1-d1eb20125b1d,0b29718d-89cf-408b-b5f1-d1eb20125b1d,270,298100901973050
07a6f46b-d1d5-4e8a-a119-0b8506171efa,07a6f46b-d1d5-4e8a-a119-0b8506171efa,271,551458382528940
b25b92fc-b915-4f39-89a7-09228f32db24,3b108026-9e31-416e-8d25-a9ec77f3a71f,57,965281210876848
b6c6bb89-ac72-4b94-af81-548ea32a7aa3,b6c6bb89-ac72-4b94-af81-548ea32a7aa3,272,3829251987172985
2fc962f4-050f-4258-abbb-251141c460f6,2fc962f4-050f-4258-abbb-251141c460f6,273,183560800369968
1135c4b9-440f-46f2-a519-f74b6eca41d3,a1d3785c-aaa5-4556-9efc-b3a1c1a31466,182,5558939417511085
2adf6f8c-08c0-4a5d-84a2-24ab5e9236f3,2adf6f8c-08c0-4a5d-84a2-24ab5e9236f3,274,815720926049921
ce826afb-5676-4f0a-96cd-e2054af1dff5,ce826afb-5676-4f0a-96cd-e2054af1dff5,275,329284185245811
1d699182-9279-4324-9de1-4f5050ba1747,1d699182-9279-4324-9de1-4f5050ba1747,276,815407812742667
0189bf10-c48a-4b24-8300-5c6a65d7850c,f1a6236f-567c-4347-b309-f2383292e182,31,310814330589461
10f7d355-da6a-4512-a917-9709c9902707,10f7d355-da6a-4512-a917-9709c9902707,277,219061633384330
56a883b6-d1f3-4521-855f-bcc658e586e0,e8e20aec-d1a3-4c40-8e4a-770feed13fc7,16,807695986787685
21d8c655-6fb9-42cb-ae76-da4669677388,21d8c655-6fb9-42cb-ae76-da4669677388,278,323094956085256
9d59e41e-0a45-4339-82cc-4a73661b17e4,9d59e41e-0a45-4339-82cc-4a73661b17e4,279,1199291517208184
b9612859-1b63-4f6e-8f4d-2ef61b632a6c,b9612859-1b63-4f6e-8f4d-2ef61b632a6c,280,512824926516902
c0ee72be-df88-49a1-8867-ebcc54222078,c0ee72be-df88-49a1-8867-ebcc54222078,281,2611157342518619
acd2d058-8e51-4b95-abef-3467569b6ea1,95412a43-393a-43e1-a120-ffa8c657eafd,118,355907152807070
125e8d7d-1815-477d-b290-23057417814e,03b565dd-c427-4148-b5d1-ec2b39aff75a,46,939719873459442
8a7ea89a-649d-4fb9-806b-6577c19d7298,8a7ea89a-649d-4fb9-806b-6577c19d7298,282,483905969477179
9c5f5278-2b21-414e-9a25-0af479f634bf,634af0e9-6d7d-47bf-812b-dcc4a62a95a4,70,3939472539507169
7075143c-4e9a-470f-93de-23759ebe70f4,7075143c-4e9a-470f-93de-23759ebe70f4,283,1172626036543280
36edd3cb-86d2-4231-8433-0a3940d1a5fb,1213f983-efa7-4493-8c68-98ba7d84ec0b,175,177476017615271
4080731d-66a5-466f-afc0-9c91a6c3e1a6,4080731d-66a5-466f-afc0-9c91a6c3e1a6,284,1119955358480054
251dde06-d732-4af6-a494-8136a5dd18cb,251dde06-d732-4af6-a494-8136a5dd18cb,285,2896943393913824
4dd18663-d752-45c1-b349-43ef0d43f1e9,4dd18663-d752-45c1-b349-43ef0d43f1e9,286,1225387261246473
0a8d8044-51db-4227-a9c7-033d39234b83,0a8d8044-51db-4227-a9c7-033d39234b83,287,241865304361900
40b3b455-d796-47cd-b093-866dd8d0d987,40b3b455-d796-47cd-b093-866dd8d0d987,288,511636749968447
80a8a792-d7ba-4728-bd15-b7bb0fce493d,779306ee-6bef-46cc-b9e7-b014b44bbe48,23,315888686769669
c923b0e3-b604-48d6-b931-d5ebe6e76768,da7ef126-42e1-478c-81bc-1a2ab21240d7,35,216792056637602
913bb1aa-37da-4836-ad47-92d83e95d7f1,e8e20aec-d1a3-4c40-8e4a-770feed13fc7,16,315876759941784
1443cc52-f460-4c39-b7b8-7fdb8c2b4629,da7ef126-42e1-478c-81bc-1a2ab21240d7,35,308544760855765
77e51c1e-12b2-41d8-8c46-978c045bb505,f1a6236f-567c-4347-b309-f2383292e182,31,4270001499698473
1f0b08e1-b683-4790-8e30-f93066811120,da7ef126-42e1-478c-81bc-1a2ab21240d7,35,245009944068097
48fe2ad4-ac19-4576-9a58-27a0d2b06fb5,48fe2ad4-ac19-4576-9a58-27a0d2b06fb5,289,190294969618512
700e8300-b0fe-4e25-b2a7-c6c94f675145,700e8300-b0fe-4e25-b2a7-c6c94f675145,290,2925636334379152
629c7165-394e-4f63-8e50-3e7ba3f59b9b,03b565dd-c427-4148-b5d1-ec2b39aff75a,46,159480599456914
9498c648-8762-4a7c-b26e-780e898614fd,a54db6ea-9ef6-4f41-862f-2075f39d52f5,17,774913573411808
a0b44d5d-f12f-49fe-ae63-90a571384b01,a0b44d5d-f12f-49fe-ae63-90a571384b01,291,469457194113463
144f415a-5730-4af3-9183-5df2e2ef3ea3,144f415a-5730-4af3-9183-5df2e2ef3ea3,292,216877569973096
8b2da373-9992-40ca-9918-f9d3cb2ade37,95412a43-393a-43e1-a120-ffa8c657eafd,118,510418443739105
b58d70cb-3dcc-4952-87e5-46e7ba65b71d,024ee9d2-e583-4c56-aec9-d1026cad162e,189,161620862634967
215fe343-7b01-4ae3-8f79-15635f207a05,779306ee-6bef-46cc-b9e7-b014b44bbe48,23,1116871475480095
661d71b6-f2ac-47e0-946a-1e49c787af6c,661d71b6-f2ac-47e0-946a-1e49c787af6c,293,125714759548774
4a86a6e7-2f74-42d7-b283-13d8c1eb0567,4a86a6e7-2f74-42d7-b283-13d8c1eb0567,294,303860027983598
5f0041ea-43f7-497c-98f5-a77917541d09,1e05cc62-b573-4eeb-b3ad-5ea310c122d4,22,1243878856172569
20055f40-f05a-4f8b-ac8c-c2b36158d772,a54db6ea-9ef6-4f41-862f-2075f39d52f5,17,473215757317862
b31ab64b-b39d-4b20-9483-b060e8a3e75e,810af5cb-2a70-45f0-a6fc-a5c8ee2a1e57,192,523476052360996
06404372-09e3-44a3-a78b-c0b2a3aae20b,06404372-09e3-44a3-a78b-c0b2a3aae20b,295,157384209691678
4e282391-56db-4abc-bfff-148576f01683,4e282391-56db-4abc-bfff-148576f01683,296,238324534760233
216cc1d5-07b9-47f4-97ec-38e4bf340d51,216cc1d5-07b9-47f4-97ec-38e4bf340d51,297,5438183032921114
3a42cb96-c611-46f4-80b1-2e254d983562,3a42cb96-c611-46f4-80b1-2e254d983562,298,477646250240552
bd1f82ac-efa4-414a-9a17-c07946990b49,e8e20aec-d1a3-4c40-8e4a-770feed13fc7,16,251023256817821
c24ed006-0318-4eb9-ab97-a322857c386e,e8e20aec-d1a3-4c40-8e4a-770feed13fc7,16,824804968456833
335f5e6a-e352-4255-9b73-32bb4f999262,335f5e6a-e352-4255-9b73-32bb4f999262,299,933349117480754
a42f0c5e-71d8-45a7-9c76-2d7f3715a0a0,1e05cc62-b573-4eeb-b3ad-5ea310c122d4,22,2919691004910860
36b0251b-919a-4e68-8bd2-526406a8a3c2,36b0251b-919a-4e68-8bd2-526406a8a3c2,300,578382160220166
1595789c-47f8-42cb-9d3d-1654af85b53e,03b565dd-c427-4148-b5d1-ec2b39aff75a,46,1136503503498674
0a5ed054-2785-40c0-8224-44340945f241,0a5ed054-2785-40c0-8224-44340945f241,301,402276920731846
936f7446-aab7-495f-b1df-4ebda9bde747,bbee0cfb-9875-4008-9685-fb92a0bc2368,204,385066516016093
3378a848-e80b-4c1e-bad8-e26fe6d83ac9,75937f67-fd5a-4ed6-ab89-039586a004b6,167,508583296964519
11797285-37c4-454f-8627-6b7c4a3405a3,11797285-37c4-454f-8627-6b7c4a3405a3,302,1213669355757734
b4447e80-1408-47e3-b959-d659bfaa7cee,e60d863d-6121-4a8c-84d2-18a16c9bcc70,145,216848836664794
3e0ba8ae-2f03-4259-a9cc-99f6d3de331d,3e0ba8ae-2f03-4259-a9cc-99f6d3de331d,303,628260058575856
5a14cc86-e0ee-4f6b-ab04-2f80beeb097c,5a14cc86-e0ee-4f6b-ab04-2f80beeb097c,304,565873524816676
d395822e-be99-44b5-be72-2eab4d33fb4b,77eb8fd7-8606-4582-8b2c-55404e2f70a7,8,493877565168783
9fec7346-ce10-4b19-966e-6047bd4c9903,f1a6236f-567c-4347-b309-f2383292e182,31,541674117207370
6298151b-bc43-4c10-a707-f1dcfae2059b,a1d3785c-aaa5-4556-9efc-b3a1c1a31466,182,936863597107017
28a1171e-d7be-43b6-a665-5161ae686884,1b40a24e-3068-4871-be56-98916d83ccd1,153,519505092521279
0045c5a8-7e03-4cb1-8fa6-35cd79e1b416,da7ef126-42e1-478c-81bc-1a2ab21240d7,35,244696387447991
11626253-d2db-419d-b029-c03ce5518fe4,da7ef126-42e1-478c-81bc-1a2ab21240d7,35,301709351672860
2b4faf27-84c6-44d6-9545-212200dab45b,e60d863d-6121-4a8c-84d2-18a16c9bcc70,145,327539902299525
c4b5255b-854e-407c-9784-be2b398017cc,da7ef126-42e1-478c-81bc-1a2ab21240d7,35,4403689266310587
6be5cc25-1f8c-46bd-90fa-b2cee774292f,6be5cc25-1f8c-46bd-90fa-b2cee774292f,305,220309379543784
0c8adbd5-b7ca-4265-a7b4-cfa812e09a9b,779306ee-6bef-46cc-b9e7-b014b44bbe48,23,944796682977594
006c297f-cc46-4441-b2f3-c19ef2103963,006c297f-cc46-4441-b2f3-c19ef2103963,306,1171776389960932
49385831-655d-40bc-8f06-08b9b86a6c7a,03b565dd-c427-4148-b5d1-ec2b39aff75a,46,2192325557581330
1e2b283d-4d76-4396-bd6a-3aefd8f54623,1e2b283d-4d76-4396-bd6a-3aefd8f54623,307,492011352051891
81edd55e-2f8e-4207-9641-71246e891d33,7f564538-6de7-4a92-ada9-0a17866ecdff,63,173344771375209
a0d3c57e-0d27-485d-9ba9-7c8c21633ba2,a0d3c57e-0d27-485d-9ba9-7c8c21633ba2,308,485224269484910
a6dc7463-4561-4fe0-978b-55f37d0c544c,a6dc7463-4561-4fe0-978b-55f37d0c544c,309,479215766524714
507f827b-742f-488c-b222-be6cec829656,507f827b-742f-488c-b222-be6cec829656,310,305131627760822
05b55e40-2818-4399-90f4-fe7110e227fe,05b55e40-2818-4399-90f4-fe7110e227fe,311,517090099310904
40823454-6909-49bb-bb0c-c6d2b33ec463,144f415a-5730-4af3-9183-5df2e2ef3ea3,292,779333969434741
c286f9d0-8206-427b-a5c2-ed78499cd57f,c286f9d0-8206-427b-a5c2-ed78499cd57f,312,2949426515378234
1fb90e20-63eb-438b-9bf6-567da94c18cc,779306ee-6bef-46cc-b9e7-b014b44bbe48,23,146836664092092
ca6b9d9e-5943-416e-94cb-6f173ce9497d,03b565dd-c427-4148-b5d1-ec2b39aff75a,46,520205332496083
d1f1bbba-4dfc-478e-8380-5843129f3c98,96df6c61-86c0-431e-b006-45c8b6911e91,4,950759649093393
001913ed-2329-434f-ac2d-6662ae9ebdfe,001913ed-2329-434f-ac2d-6662ae9ebdfe,313,535185600804254
14a2ca52-c12d-48c2-acae-38420c5afc40,77eb8fd7-8606-4582-8b2c-55404e2f70a7,8,616384309758328
2cab5123-ee4f-4db2-b027-02caace9a956,1b939474-2f5d-4272-8824-32f97f296cc5,216,3982180295195730
9bc3dccc-29b1-43d6-afda-9db69e7fb22d,779306ee-6bef-46cc-b9e7-b014b44bbe48,23,516550609789812
a62e90e7-71a4-4aeb-bf13-e44804a1ec8e,779306ee-6bef-46cc-b9e7-b014b44bbe48,23,913337939231894
e4ccfb3d-54a6-4bcf-a875-4697d313b5b4,da7ef126-42e1-478c-81bc-1a2ab21240d7,35,4380162912015481
229ab42f-bb39-459f-8819-3baf56d94503,229ab42f-bb39-459f-8819-3baf56d94503,314,1184325165332837
d0148052-e81d-487a-9fce-8ead73f89466,d0148052-e81d-487a-9fce-8ead73f89466,315,485964849190796
042507ea-4db0-4eb8-a753-51d2558effdc,042507ea-4db0-4eb8-a753-51d2558effdc,316,255181853059298
a7265b7e-9008-4617-b156-3ee48c002ce9,da7ef126-42e1-478c-81bc-1a2ab21240d7,35,522002192501922
19aef178-7719-48ac-960d-110386d9b42a,da7ef126-42e1-478c-81bc-1a2ab21240d7,35,957412661743532
199d19fb-f4d1-4347-9c4c-08a3eececa15,199d19fb-f4d1-4347-9c4c-08a3eececa15,317,1553917368333086
89b8f5da-5c34-4feb-b2ed-0c4d6bcd28a9,89b8f5da-5c34-4feb-b2ed-0c4d6bcd28a9,318,296713638796316
a364e7cb-fec2-496b-81db-08390a46066d,a364e7cb-fec2-496b-81db-08390a46066d,319,296081505330969
884c837c-6ddf-4ebe-b44b-1cc155a7ec7b,884c837c-6ddf-4ebe-b44b-1cc155a7ec7b,320,4359099890769236
b1f42547-a3e8-41f7-bf32-32bf12a59c09,779306ee-6bef-46cc-b9e7-b014b44bbe48,23,393581358426793
94bf98af-14ee-4d29-82b1-d68964f0e0bd,94bf98af-14ee-4d29-82b1-d68964f0e0bd,321,330263788517225
16607625-f09c-4627-a9fe-605818b7fb10,16607625-f09c-4627-a9fe-605818b7fb10,322,741920609818980
6dda4833-1c0f-4137-93fe-4cfb69060bc0,6dda4833-1c0f-4137-93fe-4cfb69060bc0,323,516942166383893
6e6f68e9-08ad-4d2d-b55e-2150dfecfa54,4dd18663-d752-45c1-b349-43ef0d43f1e9,286,653155038878830
2e788f2d-0aec-44d6-ac6f-50575d1a7731,2e788f2d-0aec-44d6-ac6f-50575d1a7731,324,376640787030097
54dc63dd-f9b3-46fe-838a-a5ec8d7b0e45,54dc63dd-f9b3-46fe-838a-a5ec8d7b0e45,325,951607435629523
c4b2234a-d90c-4ae8-8ff3-01e6ebd31fb7,c4b2234a-d90c-4ae8-8ff3-01e6ebd31fb7,326,310249830542861
1abe6cfb-1c0e-4c7d-a0a3-80b87d8b40a5,1abe6cfb-1c0e-4c7d-a0a3-80b87d8b40a5,327,311313667267662
8f646ecb-d472-4507-b099-18c2177633a7,f1a6236f-567c-4347-b309-f2383292e182,31,490694275707181
19725004-6635-4da4-b0b9-ccd479a54ece,19725004-6635-4da4-b0b9-ccd479a54ece,328,514572409849771
9ce1bfa6-b23e-4385-825d-d0c1976ec1f9,da7ef126-42e1-478c-81bc-1a2ab21240d7,35,2885522925020407
74b6cdc5-eccc-440e-9017-249ec0c6a54c,da7ef126-42e1-478c-81bc-1a2ab21240d7,35,630117255053150
673efdb7-2a80-48a1-9902-f9e77ffa1d3e,548e6e39-5c5a-4ad4-9c77-d515e78ca745,131,512343936467616
6abdca82-39e1-4a57-95bd-f9f21f1f4f9f,e8e20aec-d1a3-4c40-8e4a-770feed13fc7,16,303364028045684
90bdf0fe-790d-4b6f-ab65-a69c15511671,90bdf0fe-790d-4b6f-ab65-a69c15511671,329,497649888101382
05da3a49-0842-4899-87fb-3444957f812b,727815c3-5e49-4649-b803-96b67777ed4b,40,557259271939398
0cb8c9a3-dc3e-4c8c-b612-0f09b39ac973,0cb8c9a3-dc3e-4c8c-b612-0f09b39ac973,330,755398435341961
9b16109d-1d69-4b01-a685-6ba829391278,9b16109d-1d69-4b01-a685-6ba829391278,331,170527448320914
a3aa7db7-a359-4f06-99d0-b2d8a06a5b10,95412a43-393a-43e1-a120-ffa8c657eafd,118,345227040298438
410b327e-e0a5-4c74-8f68-b26abfb484f3,410b327e-e0a5-4c74-8f68-b26abfb484f3,332,1175363342915802
6f4abe02-ed65-42a3-9e93-ddae6879b184,6f4abe02-ed65-42a3-9e93-ddae6879b184,333,2656330507993388
4c1fcc02-5c96-4174-aa69-afec8988e170,f1a6236f-567c-4347-b309-f2383292e182,31,845149416210269
2e53471e-c514-458f-bc38-48a1f95685da,2e53471e-c514-458f-bc38-48a1f95685da,334,176407107710897
5094f47b-2674-426a-bdb4-4599d109be44,5094f47b-2674-426a-bdb4-4599d109be44,335,299785044969895
c353725c-e5f3-4f9d-baae-a421a796289d,c353725c-e5f3-4f9d-baae-a421a796289d,336,917837265739802
537c1e4f-b2af-4056-a620-bbe952b3b0d0,537c1e4f-b2af-4056-a620-bbe952b3b0d0,337,159310719405328
43946145-4358-4933-9218-4df903ebcdda,43946145-4358-4933-9218-4df903ebcdda,338,167298605327928
ad8caa4d-4364-40e4-8a63-9a38b1effd4b,e8e20aec-d1a3-4c40-8e4a-770feed13fc7,16,520018445912698
10a3b3e1-3127-4533-9161-3e8b018333cf,95412a43-393a-43e1-a120-ffa8c657eafd,118,771427583547633
ad287b1d-4eac-4cc0-a9e8-768f3ac67fb6,ad287b1d-4eac-4cc0-a9e8-768f3ac67fb6,339,471131320627742
39cd6a5c-bf4f-4621-a529-608e8e6f2582,3b108026-9e31-416e-8d25-a9ec77f3a71f,57,260395499199625
908b8835-9eec-45f2-8982-617e617b8a19,045d6672-e220-471e-b2c1-f20f86446cc7,262,2076710282469378
8d09e267-b49a-423d-b954-f4fd7fd15afd,77eb8fd7-8606-4582-8b2c-55404e2f70a7,8,198669275314989
e6b9c36a-e058-49da-b129-8d6afdfd940a,1e05cc62-b573-4eeb-b3ad-5ea310c122d4,22,798347774402362
3a516bb0-f7ff-41d4-84db-60fa791f9caa,3a516bb0-f7ff-41d4-84db-60fa791f9caa,340,762288144462361
2b9ba8ec-bd44-422b-ba34-a0c12d3e32ac,a40ca250-fbe0-4b7e-92fa-64fae9ba09a8,87,1597756173763692
4006ab3c-b17c-48c8-8f5e-26a4aa1514bd,779306ee-6bef-46cc-b9e7-b014b44bbe48,23,3474730672628555
86d2e78a-a848-4617-80f3-c50943a93d9c,b524521f-93f1-4683-8de3-fdb3e1df9457,268,1218877031893482
01358589-0011-48da-bd9e-ed9ebe6c5ca1,01358589-0011-48da-bd9e-ed9ebe6c5ca1,341,306782810851744
67aea864-d51a-4cb3-b22c-cc436848240c,6fdd5c60-73ef-4dd6-816f-c54205974d3d,146,493044558814350
b96c1dfb-b636-4a29-a85a-a671a4f03f7f,b96c1dfb-b636-4a29-a85a-a671a4f03f7f,342,272862794564237
6d1540ac-2d08-43bb-a775-a412e95cec1a,da7ef126-42e1-478c-81bc-1a2ab21240d7,35,200172795271455
736eb4de-eaff-4a90-a71f-73d86e414fdc,736eb4de-eaff-4a90-a71f-73d86e414fdc,343,494709115279519
9746242c-309b-4af1-bc52-6d560e2b6b59,03b565dd-c427-4148-b5d1-ec2b39aff75a,46,1190550774720589
19214294-040f-4301-92c4-b14017d73eb3,19214294-040f-4301-92c4-b14017d73eb3,344,4416723745004663
773b22cd-473c-4f36-9803-7c9290f8e187,773b22cd-473c-4f36-9803-7c9290f8e187,345,773423676876505
20e7ae46-2436-43c4-856c-bc1512f75da6,20e7ae46-2436-43c4-856c-bc1512f75da6,346,270292148115819
2a29b67f-92f4-4dba-9084-13fdd7a04f4d,2a29b67f-92f4-4dba-9084-13fdd7a04f4d,347,455797812386472
0416694d-b2fe-4433-9135-2d4973402134,01643e10-467f-406d-b21c-fd975931a51f,50,219836592949620
24fa954d-7241-4f2d-af56-74265c60c288,779306ee-6bef-46cc-b9e7-b014b44bbe48,23,542849093544480
e4231502-14d4-4ff1-94c0-15385c04ec7b,9d4b8a87-cb86-463d-b999-1afb592854e1,0,976202233190194
6dd60f7f-e8b5-4a31-bf08-9759ea5438b4,3568179b-a978-4a43-8a68-e9e6b5151ce2,1,169908708385400
6933bbf6-9f88-4f23-927f-eaa775b8ce86,46bbcb62-11c1-48b0-a242-3bfefcd9acb2,2,1107335296417015
7e777ea8-9ca6-4383-80ae-d153a7a0a714,71f2993f-cc1e-4f85-a244-08c05b8b3633,3,950738585684922
fd4158ed-93bf-481f-9088-5fb97d9f756a,4a17b3a5-07a6-493b-af08-63c9421f6769,5,124171893129897
cdf4b888-8b8f-4b02-8e3a-6c1e23630c51,248b6b6c-342f-4259-9f5e-150078dd2c7d,6,786344188751496
45c867c6-6614-45c4-8e22-1403d576971c,27d42c97-1033-4245-b1f6-465b641bba4c,7,734699320534042
fe56f9b1-add4-4237-8e59-0dbf16a36b58,77eb8fd7-8606-4582-8b2c-55404e2f70a7,8,113494407480813
f45fc5e5-ea1c-4d95-8f20-c8c6dde28182,b8096b63-0b1c-4bef-bf61-04da48338c95,9,473591623920829
cca019c3-753c-4cab-868f-b90ed4a546d6,5a8f4655-e483-4fb7-b47e-e5e0e0c2d403,10,499427981268768
c5b9a3e9-421c-47b2-8c18-31b28db20cd6,6228e778-752f-41a9-b238-9fcb4089e6b1,11,4250277381673038
dfaf7633-25df-4667-9a69-043d39e0fc9a,11445bd9-3b55-4100-abeb-36d952422cbb,12,506961117093135
dda6b2a3-3f3b-48d6-b320-83d2f683b779,99d0c899-c40b-4e54-bde8-2da3e6ddc2f8,13,926395664882331
f434e7cd-982e-4236-bfc1-4f77ab58fd49,b4638aba-bff7-4858-9a88-779cd1d66224,14,184668150208570
f107eedd-a2d4-40aa-bc8a-6c0e0d232aac,141ba828-9653-430a-bb68-0a2388341919,15,1119150241930672
f8cb8be0-8f29-4b27-88fd-8fad1a428830,e8e20aec-d1a3-4c40-8e4a-770feed13fc7,16,286592789846637
cfd44be5-2816-4141-9fdd-6185443d8721,a54db6ea-9ef6-4f41-862f-2075f39d52f5,17,1183680282070363
1dbdbfab-2487-4f4e-9901-c4acf44877bb,06fab868-c3cf-45d1-8582-88e0a75f353c,18,167480562045272
81fad563-a215-4199-bc7d-61c8a95a0c6c,579a360c-ef47-4f46-90a4-71f22762f4d6,19,2901698820086016
c6d01ac3-b3b9-43b6-968e-93786043feac,6b8720bf-19c3-4ce7-bd96-f5b38a21fa2e,20,829914371271816
cc769345-550e-4c35-ad72-b5506234f0f9,c69c0f04-a309-4672-a159-63db89ee2916,21,491380752008218
f4b4d68a-ee16-490d-b18a-ad8896fb319d,1e05cc62-b573-4eeb-b3ad-5ea310c122d4,22,180773623994787
ec661034-ad33-4d1a-a35b-dde2e99fd1a5,779306ee-6bef-46cc-b9e7-b014b44bbe48,23,331443688379455
d2f23fa3-eb47-4534-89ad-be9c91fc7cec,3fbe980d-e6fd-4a25-bd0b-8d6d9c057045,24,3727423367380917
a0c2826a-e31b-49dd-a1b9-26ad1176318d,1363d310-a07a-4ba7-a723-28165b67dcb8,25,310123873809809
9104eb49-b673-43ea-9fe0-e90b5317ed24,4aca0a95-8622-48c5-bc66-77be8869f629,26,458055708833949
83057b4e-98e8-4a5f-a7f1-34d49fc7e477,6cf4c736-a1d8-4400-b4e2-2f9026047f4b,27,556321598863346
f99b7522-9ef4-4056-b1f4-c46bf9f5af90,cd9fa01c-fa6b-4199-b041-71a6746c2aa9,28,154533616708181
8a4595cd-18e7-4bb3-a58b-561bba37c913,852e83ab-e0d9-4e8c-aa66-c7e3aa529410,29,1095812220917646
50b93673-ca58-4045-b2c1-5ea0a99e1e43,2de09486-ba95-4a74-94b3-9f0ae98dadc2,30,278750760618204
ff60594f-1aa8-4570-b3dd-0e07bd1bf90e,f1a6236f-567c-4347-b309-f2383292e182,31,323653929101623
7e51fbb6-b6bd-4a03-b5bc-bcc0fb40107b,3046c386-0c7a-48e1-afe7-47fff43cf503,32,523929902094333
8e814612-bb9b-425a-bdbc-c22c6f4a1c23,4fe76247-cbc4-417f-b7d2-785ea81565ac,33,471934550802809
e3cfcb2d-586f-4f21-818c-6451d9547989,5d598ace-d6e0-4953-91ac-ca7a3d80529d,34,308405280958314
f7cfe05f-6d9e-455e-9962-fba397dcb7d7,da7ef126-42e1-478c-81bc-1a2ab21240d7,35,244005650834822
c556fc46-5208-401c-92c6-c7398dea755b,a1fb978c-4cec-4fb3-bfdf-4350081d58c3,36,378524206814545
ce7817bd-bfae-455b-9d77-121fac5e70e9,40b1cf5d-e96c-4bb1-b12d-a224d716d7d7,37,754597005223945
5681f638-dee3-44fb-927c-3f4cae8b3722,39ccbe1c-16eb-40fe-be75-556494d7e44e,38,824769244810350
fa35f5c4-a23b-432c-8be6-636fc0cecb02,ec7c9c6a-b2ae-439a-9d73-b14e3ac6b9a7,39,3907486656036218
bad55beb-41d2-4cb3-a2f8-d906020f56ee,727815c3-5e49-4649-b803-96b67777ed4b,40,213693276978925
b8e5f444-ff19-48fa-ba78-6391a7ed5a90,38330b52-6b95-42ef-b8b5-b5de3e7983bc,41,224158005753939
fe50ba38-9aac-40cd-932a-93bbcd598f64,5009d12f-ec1e-43c5-a6d4-ac80e1e6e0d0,42,786107679002741
95ac6f4a-b5ad-4249-a5f0-010406127d1c,5f53c2a9-59f8-4fa6-8f35-4a8bb86402df,43,771423993570795
9ef589a1-f8b8-46b5-804d-8d960185bd2c,0ef359b6-b883-40ce-a488-d46057dcee71,44,207783400964596
dc0b6b73-9634-4070-8bef-fa6ef8f7efae,0f559ddb-e6a0-41cd-b039-4777a94fa634,45,151355483630511
fd8112ef-c981-4a52-98cd-4d461aed0499,03b565dd-c427-4148-b5d1-ec2b39aff75a,46,782350429338091
d6148ed5-ad44-492d-8ce5-7be1f22bc542,0536283f-d4fc-4d05-afa1-c334de74d3cc,47,615568199844562
b61f6099-25ed-4bb1-b3be-184042cffaab,600de15c-9457-439a-85d2-0ad4f750e48a,48,1081406832266429
b1d80aa3-79e0-45a0-bf0c-c1cec5a6d907,676f1cc5-dcda-46b7-afb7-80388acd4809,49,538713524139940
b0a948fb-5c54-43ea-b0ff-00d412521524,676f1cc5-dcda-46b7-afb7-80388acd4809,49,910661296332856
e12d2a8e-2303-4312-adb9-107a48f6a516,01643e10-467f-406d-b21c-fd975931a51f,50,295630952109768
6bc605cd-667a-48a5-839c-0109c5c07778,3f7987aa-bc53-4e95-a5f0-8cb86387c596,51,466378724466562
f1a58b7d-d382-4bbe-a2e9-cc71bd252111,5d96414b-d585-40fc-af3b-61a288c914fb,52,889979245067697
d2185e3c-fd67-4186-9ccc-17858e7d63db,3633d216-1adc-4f15-9c98-c9640a490a37,53,1126526301193568
cc5447e3-14dc-4336-9125-e51a7c94bea5,af7f0b96-1223-48cc-bbe9-f34cd53bc3bc,54,236459441264361
bf9c3ed9-35e7-4254-8b3b-4e909e878353,a9a95195-454a-4c40-9bf0-bd9e9979253e,55,1468137416882818
bf89cdf6-9e62-4f79-b0d7-d5407c16fa9d,bf6e1ab5-92a5-4a75-b260-5277291def82,56,133262725541519
fb1bb176-550e-49ba-994e-5a5cb031d2c9,3b108026-9e31-416e-8d25-a9ec77f3a71f,57,237089208171412
f82832a8-345a-4f5a-b520-4b89d5f970a2,08903bd7-b732-48d1-98cd-2eb4e6664bf1,58,226599015498761
48e0fe44-33d7-49b1-8c84-17507b78b20e,186b1c30-7563-4dab-8a62-6f0f2a6b3c6b,59,4289438671069113
ad882fc2-aace-461c-b668-08e4e1b37738,059b4e54-0a71-4f53-8f2f-c636c1a3fc0c,60,3979498172144930
5300507e-ce9e-4aaa-a0e0-f39a832eccf2,1c4d1fb4-172a-4ce3-941b-8e6c13ae6366,61,1480053048992375
9d13ecb8-cbd3-4184-84f6-699a33df650a,8f46f952-caed-46fe-a605-7ba90f3aa69c,62,320906842775902
bc5aeb66-d994-4195-89f7-c6720b2359b6,8e783663-ae81-4b9b-871c-596578eb01bb,64,935260130662494
bda9ec03-4757-4e5d-b1fd-ac5bf51fed0d,2b7cd226-4ab7-4cfa-8baf-a6a439845c1d,65,221939445998793
da8ebe7d-1b92-4ba0-9fcb-a7637d1105a6,5aa57ec1-697b-4597-b88e-75e637a435f5,66,1230210200744272
e10228d4-c193-45de-ac27-f19f508654df,b6521688-5a0c-403f-a4d5-be98ef707a7e,67,189074806465731
ad426c5e-b77c-4a38-81e9-a623f1dc454b,91dab843-912b-426c-bac3-269086e08598,68,178936224078828
c9bea02d-716d-4eee-8659-e988a25e12ef,4d3c525b-0550-458e-ba71-8ec7e729d9a4,69,368455381266755
d1b93851-76b3-487b-9b07-00d6a20ed584,634af0e9-6d7d-47bf-812b-dcc4a62a95a4,70,954003305366707
f0238feb-686c-4b44-96c6-bde5e20203ce,c91abbb9-6407-417a-aaeb-d3826f49bc87,71,1227613127694016
daa594a2-a6b3-4e5f-9923-c557ca2a186a,b731e2a7-38bf-43f6-a931-5bd4b6782d3b,72,322718529370000
b467a98e-62ce-49e1-a521-29b8569485b1,1ffc12dc-05e6-4cf7-ad5b-455028b99edc,73,1960152514139768
6d1b9158-52bb-41a6-9f76-c80bffe5a978,68b9dd8b-3672-41c4-9b28-5aecdb8d97d2,74,394358678330223
c939fca0-5736-4a23-a430-88c5f2d30ab1,b72b52b0-c3ca-49b1-a5aa-8f6e1b454405,75,340065711057310
c5e4e6ef-85ee-4bf8-9fd7-2e7d8d74019b,a7959399-d21b-48a4-86b9-7e994ad1b7f1,76,798681454112797
8fc08849-62d1-41ec-942e-db232df3edbf,589c9b2c-aef7-45bc-b695-e03438c3ddf2,77,874749909777365
7f2ad39f-df06-4e41-a5da-56f5f00d8027,09373267-082c-45ef-98a2-5f2dc5973d5f,78,2999326690346582
6e6acf05-ac06-4d16-802f-5ed0b2f26889,6d689b15-d2a7-4edd-bc45-3e9b70f8e1b7,79,2855169851464655
a27486cf-4023-414b-8cc2-eb7964ea3fe2,669f6970-c8b9-4169-9bb6-29c159650088,80,168496501957986
836e16ad-a93d-48cf-9cca-7c42b7b90553,02dab523-34ad-4d3c-a8c5-ce97a6eab300,81,478280673501786
6ef329b7-bda9-4f96-aa08-b1485ada9b68,02dab523-34ad-4d3c-a8c5-ce97a6eab300,81,510731986931700
6d1509a6-0260-4165-b07d-b3306d518965,41a1a131-9b3f-491a-afc2-a758ef0d7646,82,841862119792042
f0e1832d-50b5-469e-be9f-965ea4ee71a1,e399d260-e342-4fa5-8698-c42e0ea222f8,83,3606875502750698
d603b161-8b08-47fe-b32e-2dea5ba23773,a1fb978c-4cec-4fb3-bfdf-4350081d58c3,36,824961868453210
d0584d71-ccc1-42dd-836b-b60312e3263d,c56c3565-d26b-485c-8e5b-d9ea937507c0,84,1451617898513046
f4a05d22-8c4c-49d4-8108-1bbf2ecb2070,a8feaad3-20db-4008-bc8e-8be21d796c0c,85,326658218802039
5d2897b7-79f1-4269-b613-650b56cd635d,05a3ca1a-92dc-4da1-9d59-3e7a29a01c4b,86,303564661442364
dd29e057-dd60-4a00-8fe6-21b16118e604,a40ca250-fbe0-4b7e-92fa-64fae9ba09a8,87,901044470740278
922b2d08-32b3-4afa-8056-e4eecb4aab4e,591a9925-6b3a-4989-8712-fb1772840725,88,476653020215552
e430816d-df31-4834-8913-2f3eb1c66bec,bbea9961-1fe0-40d1-83f7-cadb93e1d544,89,181605367060998
e315333a-7838-4894-ab8e-0e7bfc84827c,51eb30bc-77be-420d-9d6d-5cb64519b9f4,90,4052364388132104
6cf13e9d-c51f-4ff2-9cdd-9068b5b9fc83,150cbfdb-6cff-4ff0-a1b0-7ac6a6f1e1f8,91,2864086230574725
33281e89-558c-4eea-bb8e-f298a520c05b,32799fa0-9a61-4bce-9293-503c68bdc9f5,92,209190487494222
91049e44-b199-4316-8096-13d2f5ab40ac,50028edf-467f-4204-b075-ed1694ed3edd,93,965453020933137
b3b192f9-d0d1-4513-82bc-8007a6f67321,762d6f5b-a7c8-4732-b55f-6fbb24abd009,94,228244191985415
f1ef57e3-0a1d-4d05-a63a-1cdb87018ea2,14ffccfb-3851-4a15-897c-4e7fa628eff9,95,507108987128520
953ce9ba-7468-4427-98fd-d87cccbc64be,3624214c-40a8-4268-9e1b-6c3df675ad41,96,907740559801062
ecbfc8d7-1aec-4eac-9b3f-34e6fe19b62a,3804d0c4-aeb5-48ed-9504-d63ba59b19b4,97,1078185192670407
7a07ffd7-cee4-4917-9782-221e728569e7,176591bd-19fa-450c-b616-8da191f9be16,98,490368512084823
dadbb587-1dc7-4fb2-a4f9-a4c35ed2efd0,5dabb168-dd80-468b-a900-f5aba24795c6,99,897384637494061
70c505d9-78e3-4654-8fd5-167c1b9a9c65,1f7e52f2-3bbd-4c1c-9bf7-64b9bdde89ed,100,513328526554176
76c1c3b7-6ef6-4086-819b-f8ea0af08d51,4b3e06b7-5098-47b4-a093-36de85b96783,101,954933705267816
f2d168d3-086f-4817-ba2c-b6e873e21d13,674b9f02-543a-4f96-bc48-1742118b4211,102,115808703898505
44aeb465-8316-4b42-8227-7129d0c9f1db,39d05694-18ec-4021-96d9-c7569b195188,103,309285747235562
b7142f6a-d6ab-4078-b479-11806c44ce4e,282b78ba-b338-40fd-bff5-7ca051d0c03e,104,310228057227953
310e121d-4f8e-481a-901f-972f16273410,1ff10b20-eddf-44eb-b313-b9bfc876d926,105,195422182429793
f71bdc8f-1f42-420c-ba92-34a8ffc94087,0073e0ea-9c47-4ade-bc60-4d0659b9e3ea,106,758425671703135
b2c9c0ec-3a8a-4157-90dc-5f8640eb1901,08808c08-ae9e-43ad-a241-c78bb936fd0d,107,282576756875157
23ace798-3a4c-433f-8f5e-a237b27ac07c,0dd1c427-c5c0-45b5-9b1d-c4916975b125,108,230424272190597
7eddfd55-f780-4e09-909e-6cdeb546f8b7,369416c6-d45a-48fa-9e4a-e4d349407e1d,109,943675843140686
6e08908c-fe8e-4d01-a4f0-0182d0e7de84,4fe1ef38-a01a-44de-ab81-dbfa93f4cadc,110,472194054065397
eed053e3-3508-4903-a21c-ad26d796304a,4fe1ef38-a01a-44de-ab81-dbfa93f4cadc,110,343923680402413
e3e96f87-9dae-45ef-8f81-6844af689309,3b614ad0-5dab-477b-af56-384c65d4727b,111,1526741584336435
76dfa6d3-d1ac-4015-9366-e712cd141456,614fb38d-c075-456e-88cd-d6ea8f82a017,112,461675588456907
e6dc6bee-4353-41ee-ad9e-90b6ff0871e8,614fb38d-c075-456e-88cd-d6ea8f82a017,112,478796733199510
32a5f7bc-845d-44b4-9453-8f16af00a731,02e46362-7e96-4e49-92d9-1f7d8c8b97d4,113,481907846384820
e3600ca0-4b78-4e2b-962f-854bb2789c4b,65ce097a-0f81-4f7c-9f31-f1a4c59db5b1,114,467939114433327
90169511-f498-4719-859f-10aac65efd78,02249820-5f47-4e0a-8925-d9c143a57a9c,115,267815745042656
80cba702-c5f7-4e79-b090-0bfbdd1ae9c0,6549e6cd-bd1f-4f18-b1dc-76d8c37fc2cf,116,496123644871328
d6c2a30e-fdd2-473e-8ed2-36c24e5aa987,6050afe5-6836-4a9b-aafc-dc4a7811ffa9,117,1081844172305209
ca29a07e-fa8d-4b85-ad88-38884950fac4,95412a43-393a-43e1-a120-ffa8c657eafd,118,134604555427760
cb04289b-82e5-4b86-88a7-d3f559d419c0,68aa7e86-95c0-496f-b4e2-26f4205fc969,119,278596920640865
959f8eb4-6c6f-4081-a051-7c85b81c7af8,22cdd575-561f-4c43-a25b-9be94051c7f4,120,491880998598457
d6318f3d-cf56-422e-9433-232ce4582bb3,14c42c51-82e6-4fc7-bda4-80788a89d686,121,4202771546456805
50f24347-1157-4642-9b5e-2300ff839c8f,0f08ad53-89e9-4b23-8c6f-d14666cba019,122,751910115481266
ebfb3446-7f9c-4428-bd95-027570101a51,52484306-caa2-4de9-9202-ad650f9f965a,123,169740455076076
ce72f108-3935-4dcc-b1cc-9ea09be79494,7f7c74fe-b2bd-4649-a2f3-77def6bd0b0c,124,268248691718858
8645d2ab-445a-4764-90b2-90ca0cba3cf6,4d7d30be-4234-4df3-83cc-e729359c6543,125,602517501134171
f97b64cf-2abc-4bb4-9a7e-f01b2d7c01f6,f949e3da-9aa1-433c-b9ab-e60ab123c0f8,126,1030166054183225
e2d1164b-3a9f-44b2-909c-7c87c5c65b3b,a9dc25f1-0ee4-4d05-9326-1b0fe30b26ac,127,1422209228112459
e388af50-b850-4e15-809d-ec97323c9522,c4c43673-091f-497f-8627-5124ac95e054,128,891362944777871
93e8cd98-a1a5-40d7-8872-30d912fd14e0,4f61e83a-20ae-4305-b7b0-7501478df66a,129,815952865696131
c95ca664-ab51-45ba-ba4f-196e7e606921,ac91a1ac-2113-4e6f-9aa2-9960185f4c36,130,1937670106383318
b054514e-91d3-40f8-be25-3fd28fc07f0b,4c2c16a2-6b3b-4d2c-8726-b92f6c43f1dd,132,166206932106816
ca28f553-e2af-4278-9a44-e1557e19107c,208aad12-93d9-4209-9837-84ab9cf3ac66,133,321644219490675
c85350e8-45c2-4223-a29c-8b469d30dc8a,9a7db9c1-d98f-4b03-8d5c-f0dacdf79e93,134,172664464764415
dd2909d2-b095-4de0-80a2-4f1755e06dc5,808df48c-632e-45ac-ae1c-c3096cb8c33b,135,337449837802556
b49349f0-9dc5-4b9a-856d-4a5e7fd8304f,344e7229-e4c7-45ed-a4d5-976241f0f1d5,136,799205967385920
942b03d7-f144-4ee6-bb7c-386da1ccd79a,829f9f61-a889-447b-a3ed-7df3fc0a6f24,137,311435197301334
763e1678-b5f3-431e-8c4f-0a68a056824b,50318786-4b12-4a67-96a1-fae93eefb2ae,138,331585745226163
b28fe845-8ea2-467c-96cc-46c92f7cbfa9,0a108b82-9d59-4e24-8be7-0b0a6d7ed9e9,139,1817442951767542
f5bd8d21-4d08-4dc5-b20b-a45867790641,4341ecc7-7028-4538-afe1-0172d7f6c3e7,140,324105806017604
be20964a-885b-4847-8b7f-d9113fce2299,2a1e1b15-ee11-4ed0-8845-0bfefb914116,141,829131271356853
940dea9f-5ec2-42f6-b77d-5dea91473373,11cb76f6-e4ba-4b5b-9c7a-cc67f0432f5a,142,474223460327603
c0ddfe9a-7a38-459f-83c0-85b9fab42c2e,0c1ebbfa-5a27-4e87-8f80-dda2ee952498,143,309060297288236
3db97a52-38f2-4367-9b88-60d3a5e6461b,2ea7fe29-af5f-42b7-ae34-b07fb64b85c3,144,329540508742711
f4d50b77-3217-4d5c-9c96-fdfe25aa48fb,e60d863d-6121-4a8c-84d2-18a16c9bcc70,145,191652402824367
e2afbd49-f7fd-496a-99a2-52c3729a0278,6fdd5c60-73ef-4dd6-816f-c54205974d3d,146,4213932738671865
bd51345e-9564-44ce-b92b-ddf07cf271a0,2e14a349-6c0e-4b3a-a3f6-1d4283599ee2,147,852338978997234
f02a9d22-10d8-4250-87c1-92ef4b1681d8,cd900337-ae75-40b3-a8dd-6ba84af026a8,148,1202216353559693
9b70fac9-1ddc-4ad7-a9d8-89d6220c0a97,688de937-4a89-4544-9a29-fdff192fd6c2,149,152834023569211
b8200457-7915-40da-ae61-280e9450895b,79ffe848-8095-4566-9e9e-a8fb2cb13ec1,150,485090726277046
927705eb-6c31-4f62-9ad2-ee360a587972,298817e7-a452-4d09-bd94-0017c3b040b5,151,479684340008702
2906131d-e178-44e0-8bac-92f0ee6d84da,1f0b85d9-4212-4369-899a-0e5227637fff,152,285915239939457
59e7c22e-4ed7-4aeb-9dd1-2845aba2c8b2,23493826-95d5-4dc6-8037-b1e622caf3ee,154,148716843937210
d15198c8-e3af-4214-a6e2-90aa4e5693bf,13ebc948-e7de-4b54-b80a-ce7299dcc39c,155,1645089175881178
b8a281cb-9e4e-401d-85f3-b9564ec05236,124cd50c-eecf-43f6-bce9-fadaf18e8611,156,314370910083148
ad4adf44-f15e-423f-ba6b-bf983aea9c29,58cc3ff5-cc87-4c06-8814-f08576fd83ce,157,145794294132801
419012b3-f7a0-4fe7-932f-b0658c8bda44,112b6774-ce75-48a2-a52d-fec8cb201b5f,158,2425339160962954
5f7881ef-feb9-4e3c-85f7-7fd67ab78dce,2060b487-6a04-4f76-ab12-3e52b1f14a94,159,1584875505032906
90da3ef0-1d69-4676-95ff-2bed7261a99b,2b78e6f7-e03f-494c-9b34-e3d50b02b49f,160,1113045892513622
10ecfe8d-ca83-49e7-9c93-c158b5fadd01,10a5f5b6-8d7c-4921-a068-552bd0087ace,161,2671235113177365
7601dc31-62fa-49a0-9aa5-c5329c8db37b,7300fbdd-faac-425b-b4de-30ba628eec2b,162,267646891712705
ef8e63ed-c346-422e-91a0-7d2a79ffa1ba,bc36ee85-59c5-4409-8bdb-c5aeeacf805f,163,487632812447950
d706e165-2a8e-4000-9a82-d16e3fbcd4b5,91d4ce2e-9cfc-4c30-96e3-ba94484bec79,164,972238430190075
a20bad74-a0fa-4698-8d06-352435a20725,30d89575-a3c7-4a3c-ba07-84e7c351c4ad,165,925538838296014
c67fbbc0-b681-45d4-a6dd-448151258047,7c700756-aade-461a-bea5-664882bdf070,166,524228672283014
7c8528b0-f169-48ba-b8a1-d0deb7c0eb77,75937f67-fd5a-4ed6-ab89-039586a004b6,167,142295417888501
bf3d3426-3287-4e80-8760-dbe2f7100254,a521e39c-616d-471b-839c-9bcb776cd733,168,316285073283935
cbe7a3b6-47e8-4d64-89e6-d831837322ac,a2c3aee1-ba20-4ac9-b9bd-ccb4deb6c962,169,813328629575941
4c3ba0d2-10d5-4611-b060-3395c618b06f,2721797b-fc94-4cd0-a12f-9486d668e883,170,968246217278315
be6f3c51-d9f9-41f4-8ae5-bbd656d642d4,8b0b0d2c-2d24-4eea-93bb-07e588f3ed4f,171,179005730789933
b381f719-1722-47b1-8c16-9f9c9f140b98,923d3fcc-1a10-45cd-9475-2021cb8cfa70,172,1137221280088842
be709264-8a78-47a7-8df8-63ef42507f2c,761b06d7-55dd-446d-abf0-4cf483f571c5,173,225667136031583
6420afd1-8b51-4052-a1d9-14ba8691849b,59801249-d4d4-4470-a419-0ee26044014a,174,310082350520024
e55f61e3-ee51-41f6-a6df-1c25741e34a7,1213f983-efa7-4493-8c68-98ba7d84ec0b,175,505537987300302
c6d0dd57-d95e-4d6c-bb89-312ac74f7295,8379d099-2ce7-435f-9d7e-510d52a7d4cd,176,229112425249486
c07b4717-745b-4fcb-9f83-b707a6520c35,8379d099-2ce7-435f-9d7e-510d52a7d4cd,176,304210217831680
cd45b21e-e63d-4d6a-aa5a-b246cef1dade,a74eb611-f335-4aaa-aac0-2a612c3c4625,177,1110656199429933
9166b93b-3571-476b-baae-0297bd6a3753,8f339b34-a5f8-4a39-908e-0b0c83bd3310,178,157796909725531
9c9f66ce-6be9-45cb-960c-103102376fcb,7a4edd85-f264-40c9-ab21-3277a2a2a18b,179,323956305760027
e56ff6a8-674a-49c5-a828-f84e45f44129,71316d38-8a43-4d1e-a994-8f99d7e106b4,180,481621619791193
8b00fb54-a637-4244-85c6-7d8fbfc369dc,6a929960-9875-4aac-a3a8-e8f373708274,181,312339107068895
cda8eda5-72ce-4346-a5ed-7867bb707812,914890c0-c617-4fcd-b542-481229face6e,183,123198309803097
b7503504-23fa-4f7e-af7a-102bea6a4d27,38d2a2b7-dbdf-4b83-bc90-f1f735798ce5,184,1455203464838719
ccef14ce-30e3-40c6-9fe5-1913e6bdef61,bddb2c0a-ed2e-4939-b7b1-91049db56edc,185,302058088136342
96d0dbae-f92c-4489-9ccd-2fcb880aec9b,1a702320-3421-4225-a216-c2d1cc0f7179,186,163521689046762
8f59cb3e-8280-47f0-83bf-c0bfb896a7b6,6308f49c-c424-49c7-b308-66ba1ac47a29,187,298783071798573
613d4146-2b63-49ee-88a4-cab92ad0a167,2fe6c578-1408-4178-86e5-0c9c44cd7388,188,486025959373159
fcdc79e7-8237-4439-ac7a-5accd7395836,024ee9d2-e583-4c56-aec9-d1026cad162e,189,1119778265208446
db142d98-96c4-4c69-8135-f4f82bb8c2d9,7d38ee2b-b66b-4f5b-abcb-3f3af9645493,190,532001411409432
c6245c36-72ab-4088-9cd3-489d1be5074b,1b40a24e-3068-4871-be56-98916d83ccd1,153,327347572247337
ff3effdb-b787-4dbe-8d85-03f683dab6fd,ab4060cd-1d5e-44c4-90cb-23b8c8496b20,191,899964427260692
e52ce26b-27d6-405c-9a0a-009aa50d76d0,810af5cb-2a70-45f0-a6fc-a5c8ee2a1e57,192,811734526144489
88c59104-9337-4edb-baed-1f3b8f6924c9,640f909e-d1c9-4982-92a5-adbdec613c29,193,972747950146090
8d75d91f-b6c2-45bc-8096-f15ae413af8d,51711d0e-dc1c-4f6d-9c2b-e7037b6916b6,194,3510187872414005
c0607269-625a-4c9b-bcf2-49ed279e7ad6,b1efe3ea-f1b4-4b61-8a0f-5daa9c6b88cc,195,513527956492449
eeadb2b5-da87-4949-ac52-a0378a8c6613,4e48ad62-957f-4b9a-af8d-196c005e1c01,196,1398453680529673
d915cc0a-2bd2-4334-9619-6c96f232c3b4,199f0c85-61e7-4d15-b7e2-57a0e42f3cd5,197,268992128294443
8d8cd4d6-fa12-4ab5-a029-3b50f2dae08d,48e7d988-b464-447a-b235-dc05db2188be,198,565291238209781
c3d45a46-234e-4b19-8c0e-165d895eacc5,873234b3-e385-4706-9006-ecdd1e536d4d,199,217802766489459
6799841c-12b3-42b1-a55f-1477c1dddd7a,1a36e08e-3a9b-4542-bdd7-a4a7499f133f,200,762562674457868
89b9f5e7-c217-44f4-9ae6-347f036014f8,6614ab8c-aed8-47fa-9347-09e8a3a4bf03,201,4363224947044131
5b702ce7-64c4-4dcb-99ae-8e19b1b36266,52eb973b-0178-4443-ab9e-ddc2c1b84f05,202,1061186234407098
b2f19f00-9c16-431b-b872-06708e72349d,5218c968-72ec-48ca-b6b9-7f71280ab000,203,479307556723224
f722d01d-1a50-4f87-a3f1-ed0eaf96aea7,bbee0cfb-9875-4008-9685-fb92a0bc2368,204,2911905179059005
f69f05df-4895-4328-a2d8-cdf351c43e93,1dbf76ac-81bf-4ee9-8ab6-19c744430840,205,205930154736297
6a23f1b9-f6c9-4a86-975e-9190f17205bd,155fb6ea-604a-4653-bf5e-8da6e0d5627f,206,203165901495193
ec6bf7a8-e3c9-420d-8899-7a1c8dfb1fea,e3eb1cf7-a792-4927-96ec-5298fe0bbbb6,207,215443416768003
fe694111-f26e-4241-91ff-93b70881a4ff,26c01ff3-00a6-49ec-b06d-a5ebed16a466,208,599004061266565
451c124b-05e2-4995-9b9b-db77678c85da,26c01ff3-00a6-49ec-b06d-a5ebed16a466,208,210139117371440
eb040c0f-3fe5-41ee-add1-b44f90bc0772,a1d3785c-aaa5-4556-9efc-b3a1c1a31466,182,217461190067359
af679d2d-627f-4f83-aedd-7273baea8cad,7d479f75-fec0-48f5-91d4-ed06101362fd,209,898559244052294
8e66d5b2-113a-4a20-8a26-b221fa4cf414,297485b2-8495-4c56-b5c4-bafe5488c3c2,210,280175103774784
f2eb7588-f052-47e6-a0e0-d05f42ca61b9,dac1e4a1-1783-4ee7-b438-461e85d4edd4,211,567806230865898
97d18114-f49b-4651-ab33-2ecc35191913,540629d3-2e02-4fb9-bc22-c0c6a02d531e,212,1031042760759929
758976ee-3ec9-4902-ba2d-740164d991ba,69bc163b-88b3-4fee-a44c-36454efb0e05,213,4542456659098238
a84e1084-1468-4f43-ab94-64af54c69d00,469e44c5-400b-478c-84a1-d673e1f4ed9d,214,340532507684798
623ed796-54f3-4122-9b23-45c6b79e5a1c,11a02488-3b28-401d-905e-4afdc1a23ade,215,4139930059362136
93b4d6d5-cac7-441a-bb54-0c7935a4b06e,1a98a5ad-cdb4-41db-bc4b-ab61e4263724,217,310841240449431
3f3cac7b-70b1-4bb0-ba6b-e5910169216e,29b6f247-73bc-412f-a262-391bd83e02b2,218,329747725166417
9c649908-b100-4d0c-9caf-2be22a609204,7ff1b8c6-9030-417c-8275-688c675c48c0,219,237302834477957
9feb3e97-c44c-40ad-85e6-fe9552c3f9eb,46c904f1-1936-412d-bdf5-74944e4e659a,220,1804220629786178
95dd8684-7c44-4ace-bd7a-1560544f02fe,88955166-cf96-4a5b-a866-f7b8f79156e7,221,1899026406916486
bbf88064-88ff-4534-a79e-061f34748f03,ada9e017-abcb-4a67-a56e-a6ff330c6e35,222,470928727569458
fa7891b8-a33f-47b4-ad30-afd85b3f10f0,21f04308-d86d-4a13-b7ca-f28c44f876e1,223,470214357417657
c2090c17-69f6-4304-ba1e-a90e524d9dd2,87709902-b3a9-4a11-8170-e2a01c05ab8c,224,767264360820999
ccef7ea8-2121-4c9c-9837-8f027a9262a6,539bf955-bdbd-4b80-91ab-264eff2f1574,225,188730643120869
a484fee1-9d48-46f8-9552-cca11ae33db0,539bf955-bdbd-4b80-91ab-264eff2f1574,225,771979783516531
c26d0f01-1959-412d-ad28-312a82ddf432,a486e4ea-f275-49bc-8433-5428c6aba6c7,226,941011733402711
db1354bb-7826-4c73-8af0-4ebb56458923,62eecd89-6945-4bb3-a4a8-bd59a6136d83,227,319533262879152
4f964c12-109e-4e8a-9e87-fe6ad5529ff8,0f8b4a09-47ff-4783-bf92-6eeabb8871bf,228,4049388938483891
ea603992-49fc-4c19-9f31-c6524833f4ae,47a08e18-7eba-4952-b3d1-b71eab8900f7,229,2663536420605004
c2871878-3419-4129-8379-97dead46977d,333fdd1f-df28-411d-b870-f72c8bac910e,230,211590723888101
b0101e4f-1c90-427c-af16-9ef7bf2c7ac6,0662e108-fe00-4eca-8561-f0f61dcbaf73,231,326832072376779
806e22ed-8aa7-4a4f-bd74-b5da40435add,40eb1f7e-48ae-44e6-be00-bee709fc0db1,232,299032771760663
dc3553c1-3c21-4c4f-8404-cef0e16e6926,3b9f14be-fe95-4cd6-9cc4-fd8d8c9b56fe,233,762827674597267
e1139b2b-4a28-452b-81c4-fcd4c68624e2,b4745af0-51df-4376-9e45-e9dcf10086fb,234,285440943277369
24478725-6729-4c85-8d4e-c11c79639b7f,17cba749-4e35-4619-8c58-7246f81df809,236,540086280329932
52b8553d-cab8-47b8-a023-7b9f59d7379f,47504069-447b-48a0-846f-683d511b22e8,237,340239887493664
6b01f222-11bf-4537-86ff-19e2f5cb175d,4153d248-dfcd-423f-9f21-199b28ac3248,238,330983495042233
c678279b-0ea0-401d-8289-caf31100b429,087933b5-dfdc-4abf-9ee5-e715bfaf3b5b,239,927497138102104
4b7b4fd8-aa95-44b8-a67c-1f4628515753,06bae743-3f02-461e-80e6-93736158bdbe,240,163112335662555
829b1eed-c73b-4945-be65-766a6b1c9dd6,40b98615-5a62-4667-a2c4-48707ca27e9d,241,315640243288406
91f8d188-8e73-4838-911e-3f074d60706d,383aa9a7-e586-48ff-b8db-c5a36d3d94de,242,379245540072513
66f0911a-1f6f-436f-b53e-3be759e3853c,59ac6402-294b-48b2-817b-724471e0b546,243,178932880796640
f169a45b-11b4-4f51-b02d-9921f05bb702,6555a44d-375e-4940-a90a-2f668393ee88,244,161492282590093
b8dec66e-76f2-4bf1-971d-845d93f91a6f,a087690a-1be9-4958-9c11-7171fe15ac1d,245,2540006812972799
bc71b00b-bcf5-4348-a2e9-d4843a382d51,3f452c83-95c9-4b97-b623-9d9f4d31bb2c,246,926681564777941
8281bf61-3254-4761-8052-7474a5694ebe,3ac7e40c-b097-406c-b6f9-e32b7f7c8dac,247,317632343176064
9a29323f-62b8-42f4-bf77-d3090cde8cdc,3bfb08c5-f228-4747-b94b-bb65913f2b12,248,864318860819469
45bd372c-2d02-44e4-9ef0-c5a6422d46e7,14bc12bc-2708-4523-9f0b-7b35326733cb,249,1489185414764060
9a0ac896-aabf-4f94-8d12-8f9863a88d8e,07c38dc9-88e8-497e-8707-f2e2210cf267,250,979588692778862
b4ace05c-a5bf-4c57-90cf-1ac579812bab,84df32ee-3575-464f-9857-03b48b5f3c3a,251,2996198390664280
543e3a97-a2d1-4c3b-8bb8-dc5c790c5510,47f93a26-1216-4508-8c6d-aa91e92f02e5,252,133935008727888
67eb6158-6e3f-47fc-acb6-f7260bcb6b76,4bfa1d8d-7559-49f9-b437-a1a715db917e,253,289670276162260
400c081c-14e9-4db6-a7c0-4395f1c395c8,0a528113-2862-4997-bcea-2b87b5126c4e,254,834079350530485
7fc202f7-8d4c-4d67-8a24-fd2bcfea3654,5d34678f-9e39-4713-bb8f-395104e8c534,255,116002823879476
9ca44716-8821-493d-af58-bb5cc042aae0,979813e2-42ef-451d-81d1-33366588ade9,256,2902544640033290
9d7a0580-a36a-4db4-bc68-2191a8727e2a,199c9510-d056-4c2b-8026-70ddf66be44b,257,306365071085574
c54da022-4773-4bb1-9457-327ea640b526,3b1ec41d-1f73-4344-8f7e-f3d4407980ae,258,150411180383005
9fe96059-c2d2-4a8b-a7d8-6e957ca91d8f,00ad34b7-0666-4052-a88c-cff5c4d950c3,259,879758916218275
d9831425-35c9-4e54-b03c-7ed8ff5a031e,00ad34b7-0666-4052-a88c-cff5c4d950c3,259,804104440221606
ed1dbe7e-d51e-4d11-b7a8-176f61931c51,7b83a254-4be3-4e05-9954-ced160cb19ad,260,301919894756065
9c6b64b3-ccb6-4fef-9a8f-cb9fdc118301,0a70ead9-c40c-4bb8-9d0e-488689b67e51,261,194624435812964
b301f8cf-c68d-4933-a59b-72d287c89059,2fd2b88a-a5b2-45e8-b08c-94852f2bcbf0,263,1451791275168369
591dc792-c2a0-4664-a97e-1dff75d08981,21dfabb6-2d39-42a5-8f4f-893d3bb1d249,264,908232973366104
b5226693-d0c3-4088-8521-a20a7ffdc247,97319a40-f61a-4bff-8587-03c422fcf9cf,265,174527267929737
9f0a8f94-7276-4f88-9eed-e2bdfed54c0e,47c07ee9-8efa-4038-8f60-d9226cbbcae7,235,1121684721645550
af836e8e-e72d-4b6a-99c8-9dc7ab31c751,2f87f238-f7ef-46dc-9978-c5fb10d9a5fa,266,469350480846147
9763e96d-24ea-4035-abdd-71a507347027,05d73790-d865-4ead-abbc-09b6ee145ac2,267,774199619948485
c7e4a3cd-53e7-4aac-ae45-ffb13f1bdf80,b524521f-93f1-4683-8de3-fdb3e1df9457,268,467196581037392
bfb64ca8-6cb6-4368-bac0-1813fce1ccee,591f5b08-1e56-4c9a-b22a-a1a880dd3245,269,345870526971783
fd2b67f7-71a7-4115-9db3-82dc02c74555,0b29718d-89cf-408b-b5f1-d1eb20125b1d,270,319833729713405
dcff5665-3f4f-4677-96e8-d80435109a2b,07a6f46b-d1d5-4e8a-a119-0b8506171efa,271,374041334023071
e2582659-de11-4c8c-95c3-30c6fc3f4279,b6c6bb89-ac72-4b94-af81-548ea32a7aa3,272,3749691148492313
51305e02-1c0b-4cb1-a9a2-73812092fa47,2fc962f4-050f-4258-abbb-251141c460f6,273,138356004891942
6a896202-646e-44ef-bcc8-01a13d141627,2adf6f8c-08c0-4a5d-84a2-24ab5e9236f3,274,185507726774686
ff57e9a6-26e5-4c3c-998f-496387a7a7d7,ce826afb-5676-4f0a-96cd-e2054af1dff5,275,206487264623798
5040eb99-9a3d-4eee-9eed-d95eec84fd9e,1d699182-9279-4324-9de1-4f5050ba1747,276,143750484336646
4187e141-f0ca-4dc6-85b3-4cc39fbe9c9a,10f7d355-da6a-4512-a917-9709c9902707,277,576970057021129
f41e3a57-4fa3-4d52-9f95-1aa90fa1dfcf,21d8c655-6fb9-42cb-ae76-da4669677388,278,243789290834537
cdb0872a-deb5-4bcd-bdfb-5d804651739d,21d8c655-6fb9-42cb-ae76-da4669677388,278,1768055140067826
daaff336-c9fc-4149-ba51-62f8adb40d48,9d59e41e-0a45-4339-82cc-4a73661b17e4,279,154764306535175
c710b333-f596-450c-926d-3edaa4af8596,b9612859-1b63-4f6e-8f4d-2ef61b632a6c,280,192004099440519
d8b2bf53-613c-4288-9117-e457cf72ad6c,c0ee72be-df88-49a1-8867-ebcc54222078,281,4209042525813390
e4fba5b1-7feb-4399-84b9-fc4d9d70a462,8a7ea89a-649d-4fb9-806b-6577c19d7298,282,1031296657402009
b7152f0b-2a5b-496f-bfb8-a0420670eccc,634af0e9-6d7d-47bf-812b-dcc4a62a95a4,70,925214578316452
fc73242b-355d-451f-8cde-0d10dc99d635,7075143c-4e9a-470f-93de-23759ebe70f4,283,495132201612122
48bd0b98-10f6-45d8-a425-3ed576680a24,4080731d-66a5-466f-afc0-9c91a6c3e1a6,284,186223050036766
eb2e61b2-63ab-4a59-9d08-3faf859c642b,251dde06-d732-4af6-a494-8136a5dd18cb,285,502921744376913
46ee6e35-8c15-471b-858d-b0f2d25c73bf,251dde06-d732-4af6-a494-8136a5dd18cb,285,314700293479536
2f845a97-4549-4a90-9f93-e77de8f7f1df,0a8d8044-51db-4227-a9c7-033d39234b83,287,132640162246033
bb609b0c-8cee-4e41-9783-5fe11d848854,40b3b455-d796-47cd-b093-866dd8d0d987,288,1188238931639351
a27b14ca-6125-43d9-a30e-3d0e472279af,48fe2ad4-ac19-4576-9a58-27a0d2b06fb5,289,793573324884959
85b6521c-d0cb-4a4d-a6a1-b82ba6a668d7,700e8300-b0fe-4e25-b2a7-c6c94f675145,290,1884037691765316
e432fa9e-60eb-446f-9276-7ad084ddb36a,a0b44d5d-f12f-49fe-ae63-90a571384b01,291,494439331676873
77b8b8b4-63e9-470c-ae44-720ee048f41b,661d71b6-f2ac-47e0-946a-1e49c787af6c,293,872981653254611
e679f5ac-6bab-4cfa-b000-296706b1968a,4a86a6e7-2f74-42d7-b283-13d8c1eb0567,294,5799738190038041
739c6800-1c7d-4b46-9a7e-0d53886554c5,4a86a6e7-2f74-42d7-b283-13d8c1eb0567,294,258212015989311
38de0840-fd45-449f-9cf3-636225c6f1d2,06404372-09e3-44a3-a78b-c0b2a3aae20b,295,477953293437081
feca06e3-8805-4a63-aca6-ba3f2bc16d9f,4e282391-56db-4abc-bfff-148576f01683,296,995425914195765
b1748d7c-b7f4-4d0d-8273-956faa162b47,216cc1d5-07b9-47f4-97ec-38e4bf340d51,297,1384014255302664
5924a786-969e-4366-adf0-74f1410fab4a,3a42cb96-c611-46f4-80b1-2e254d983562,298,195543935726733
d6d15c63-f844-4368-9a3b-fdc984cbe91a,335f5e6a-e352-4255-9b73-32bb4f999262,299,263821035478526
ab1d2f6a-d0b3-4811-ad95-817200077713,36b0251b-919a-4e68-8bd2-526406a8a3c2,300,220485436206054
169fdd0f-8f7a-49e7-9e29-e3a820752e1e,0a5ed054-2785-40c0-8224-44340945f241,301,925712454878504
b2725640-20d2-4f0f-967d-4ad73ff2e681,11797285-37c4-454f-8627-6b7c4a3405a3,302,371942241202364
b322b766-6ed7-4ffb-8487-18521c36b3a0,3e0ba8ae-2f03-4259-a9cc-99f6d3de331d,303,1183664995420615
83c47ce6-82ad-4ac8-b5fe-1ba1aa000743,5a14cc86-e0ee-4f6b-ab04-2f80beeb097c,304,814248809195228
9ef22db5-4ee2-45ad-b415-02b4d6528872,6be5cc25-1f8c-46bd-90fa-b2cee774292f,305,869722316915855
de003b1d-f43e-4ee5-8390-26f43652e87c,006c297f-cc46-4441-b2f3-c19ef2103963,306,969654417102946
f1266261-cd29-4be3-bc95-c7c3f4fcf051,1e2b283d-4d76-4396-bd6a-3aefd8f54623,307,972373983533851
fc2004f5-e967-42af-8279-4a098433e2e2,7f564538-6de7-4a92-ada9-0a17866ecdff,63,872742513320779
ec706274-27de-42c8-ae6e-9bc37ba5c7ba,a0d3c57e-0d27-485d-9ba9-7c8c21633ba2,308,2583359835301595
a81c5197-3f5c-4c6b-9241-8c21a0e01ef1,a6dc7463-4561-4fe0-978b-55f37d0c544c,309,757760881555184
d4580313-f97a-4006-b19f-57675c98c746,507f827b-742f-488c-b222-be6cec829656,310,1753227081505472
efa045b9-243c-473c-b58f-81d3980d7dd7,05b55e40-2818-4399-90f4-fe7110e227fe,311,4030364500384376
bb3f2fe9-b5f1-44f2-854b-ced6522494cf,144f415a-5730-4af3-9183-5df2e2ef3ea3,292,325973035554516
d181669d-50dd-49d6-86da-985f016637a8,c286f9d0-8206-427b-a5c2-ed78499cd57f,312,519760772361651
f8759b3b-70f1-468a-9045-c3c83e8d74ef,96df6c61-86c0-431e-b006-45c8b6911e91,4,139130038257703
40a67556-d2b9-4b4f-876a-aa56a7cc4500,001913ed-2329-434f-ac2d-6662ae9ebdfe,313,149257387212195
608f2aa2-21dc-4916-be8f-ef60a2813c32,1b939474-2f5d-4272-8824-32f97f296cc5,216,502543304492385
f67c4432-fd96-4c40-a6ea-165a5d74145b,229ab42f-bb39-459f-8819-3baf56d94503,314,1105763106573613
e1066789-e127-4c1c-93ed-a2153dea1604,d0148052-e81d-487a-9fce-8ead73f89466,315,499474694426218
386134a5-d15e-42a3-87f6-63898c22780f,042507ea-4db0-4eb8-a753-51d2558effdc,316,247810790425232
1feed0b6-ee5b-462a-827b-63e66df46fc6,199d19fb-f4d1-4347-9c4c-08a3eececa15,317,369868651107229
e82b3e88-96a7-4a03-bb52-3a0a38450ee8,199d19fb-f4d1-4347-9c4c-08a3eececa15,317,495704284975569
cd4456e2-f36f-4c3a-b991-07e6a4ba7247,89b8f5da-5c34-4feb-b2ed-0c4d6bcd28a9,318,785246358853587
af07e959-3473-4ad0-8ab5-4461992c56d8,a364e7cb-fec2-496b-81db-08390a46066d,319,1603183846559417
ce501b9b-a4a0-4cc3-b4d0-86c5e7ad46de,884c837c-6ddf-4ebe-b44b-1cc155a7ec7b,320,3964219886989020
ac7174ad-5c27-42c3-8506-31241f9514d3,94bf98af-14ee-4d29-82b1-d68964f0e0bd,321,314215410242533
53c8c775-882f-48fa-a26a-28512e78476f,16607625-f09c-4627-a9fe-605818b7fb10,322,1583421388514769
85799418-79af-4827-98f2-28b851dd2c12,6dda4833-1c0f-4137-93fe-4cfb69060bc0,323,185206016759106
98466a4a-010a-46e0-8283-64f91ace3c57,4dd18663-d752-45c1-b349-43ef0d43f1e9,286,281940453613700
ad823215-deb9-4de0-96ae-5508c1b66542,2e788f2d-0aec-44d6-ac6f-50575d1a7731,324,306031724411442
eeb4d754-4f39-4abf-ae0f-b25c66739e71,54dc63dd-f9b3-46fe-838a-a5ec8d7b0e45,325,181171910564199
ec26b40e-2ace-4e51-a743-42046d75a7e7,c4b2234a-d90c-4ae8-8ff3-01e6ebd31fb7,326,1184810718608523
50ad7824-4d9b-4a32-bdb6-680cd0a8b098,1abe6cfb-1c0e-4c7d-a0a3-80b87d8b40a5,327,840688906859218
af8b2928-9929-489a-b4a1-a1475f115c26,19725004-6635-4da4-b0b9-ccd479a54ece,328,1588925111301318
c5f99bcb-a0ae-4ab9-aa23-12855aa90fcf,548e6e39-5c5a-4ad4-9c77-d515e78ca745,131,529896705043339
eb4dc449-5620-47db-bea3-00d933ddc16a,90bdf0fe-790d-4b6f-ab65-a69c15511671,329,212827163778390
bd8b0d48-3507-4f1e-9b57-5f0fd1ad4dbd,0cb8c9a3-dc3e-4c8c-b612-0f09b39ac973,330,4020407928074804
f8f81780-eb66-46d5-b903-1731efe7f283,9b16109d-1d69-4b01-a685-6ba829391278,331,528965465180958
9476bcd9-c2d6-4f7a-98e1-3fa9b738c1d3,410b327e-e0a5-4c74-8f68-b26abfb484f3,332,823699645196513
dee56c7e-784d-4957-9c70-293f5334ae03,6f4abe02-ed65-42a3-9e93-ddae6879b184,333,1217198222068320
6c50dad4-7fe7-4af8-b601-a1e1dde4c2eb,2e53471e-c514-458f-bc38-48a1f95685da,334,1422046141503232
9379e1a0-ceb2-41c6-bac9-95a2e2bda003,5094f47b-2674-426a-bdb4-4599d109be44,335,326325538889295
e60a046c-afaf-4a25-a7da-e12dfbc285b7,c353725c-e5f3-4f9d-baae-a421a796289d,336,306615181132563
f5c80990-2e5e-48ec-9fff-e7cb5905aa61,537c1e4f-b2af-4056-a620-bbe952b3b0d0,337,839647976629049
b32ebd12-6cae-491a-bb7f-e750a07ff8d7,43946145-4358-4933-9218-4df903ebcdda,338,2967339930206283
f46ea643-9eeb-41db-9c0c-27c9139d3788,ad287b1d-4eac-4cc0-a9e8-768f3ac67fb6,339,4081659095244059
a192b14b-387d-4c96-ab86-17d6e949a180,045d6672-e220-471e-b2c1-f20f86446cc7,262,771737930058079
e654e42e-2cef-4de7-9d68-e64f86b14ab2,3a516bb0-f7ff-41d4-84db-60fa791f9caa,340,792540171389663
440a0e85-9fb2-4a3d-867b-087d3ce4801b,01358589-0011-48da-bd9e-ed9ebe6c5ca1,341,1610877879107260
c1d6f954-2198-4b44-9701-ba01f996179c,b96c1dfb-b636-4a29-a85a-a671a4f03f7f,342,1044297782643184
7705910c-99be-473c-be04-10ec97a5563d,736eb4de-eaff-4a90-a71f-73d86e414fdc,343,3996148937148415
8e84cab8-f6ab-4889-adf3-3a0fce935c27,19214294-040f-4301-92c4-b14017d73eb3,344,318274366343606
bfcede6e-3e00-41db-8e53-d8b0bc5bfc65,773b22cd-473c-4f36-9803-7c9290f8e187,345,306934044232190
cef7b44d-f316-47e6-9d22-2ef193620c6d,20e7ae46-2436-43c4-856c-bc1512f75da6,346,302523281605308
a1e0ea8d-aaa8-4383-9d0f-ad7d9ce5810b,2a29b67f-92f4-4dba-9084-13fdd7a04f4d,347,136136765171764
