uuid,orig_id,path,sharpness
d2ff786c-9c76-4dc9-9c43-36a3fc79d630,900827714108181,thumb_256/900827714108181.jpg,9355.922733233716
77dbb221-4fa5-430f-b36c-efaa98d3cc2a,164278142171810,thumb_256/164278142171810.jpg,6865.68743185988
646ce543-4c37-4263-b175-9a9c53885c7f,1168148646979651,thumb_256/1168148646979651.jpg,22202.775330195847
2c0d10f9-064f-4381-97d1-38ae583bf005,2903228446631757,thumb_256/2903228446631757.jpg,39605.36077418892
172d1828-7f11-47e5-9ff8-b0c862784e05,3939556256127093,thumb_256/3939556256127093.jpg,24232.707643390335
b5b458db-4562-4eb1-9b80-4847f441ceb6,943047969789794,thumb_256/943047969789794.jpg,27608.171042560014
04f8920b-b19c-4e83-8d39-bc18c17cbe1e,5952756641408855,thumb_256/5952756641408855.jpg,41488.48996609903
49edec7b-825c-4024-915c-37914b868108,485250466072923,thumb_256/485250466072923.jpg,25931.980666573814
17d50c04-4584-4424-933c-d56b52db6f40,1203275976776462,thumb_256/1203275976776462.jpg,27808.43407388349
a8c245e1-fa3e-4627-9b5d-5edd944be531,182209243759412,thumb_256/182209243759412.jpg,34911.59105662801
b1890d95-d8d9-415c-bad3-08a20d67a506,465248434704924,thumb_256/465248434704924.jpg,19035.636018378795
c5dd57c0-002a-4ad8-b010-33c65f3654d6,909883863178181,thumb_256/909883863178181.jpg,8186.342623678671
8af3e26d-3d8c-412b-8e18-b47f778adfdd,258593146046838,thumb_256/258593146046838.jpg,21170.83598203826
68f1982c-ed87-4eeb-8c2e-964677f53224,801111397470476,thumb_256/801111397470476.jpg,59406.524812389536
5c708556-8b84-4805-916c-f8c054da262a,1741943346148817,thumb_256/1741943346148817.jpg,49594.00042513892
10f2a73e-8225-4278-a432-b242a35e2305,690011691726741,thumb_256/690011691726741.jpg,44268.56345749647
e6a650aa-4287-40d3-9bdb-4c12f8c96621,480626799920012,thumb_256/480626799920012.jpg,37543.41878716187
377ad803-825b-4079-97ed-daac2a2815b6,412892546734396,thumb_256/412892546734396.jpg,29676.902334585346
bc516620-e0aa-4d9b-9489-bea220bcfbca,1096702940854508,thumb_256/1096702940854508.jpg,43368.76830352692
41b80fb4-9080-4fde-a486-afe663a13d80,363383081783217,thumb_256/363383081783217.jpg,27431.295478108896
8e990077-070e-4d15-9d59-94b7ef691734,365413451530341,thumb_256/365413451530341.jpg,37385.063084090536
30f3aa58-ffa4-4c00-81d1-8457ee719977,459425998492047,thumb_256/459425998492047.jpg,41860.954881184254
ee6740e0-50bf-431a-8ca9-7500b4c4758a,778509269718835,thumb_256/778509269718835.jpg,21845.92648737935
048a71fd-471d-46e8-93b1-dfd48386bedb,1415547282127194,thumb_256/1415547282127194.jpg,25193.592065452252
627ce6a4-1470-4c2e-8532-dcf682fdb449,920298935485230,thumb_256/920298935485230.jpg,22249.316906328437
aada611d-010a-4d72-8c30-267244c404f7,816104762323995,thumb_256/816104762323995.jpg,26824.523770390195
52376054-4fd5-4f4a-b2ef-5935e0f5b932,491601622039654,thumb_256/491601622039654.jpg,2976.7038806832525
83d585f6-f937-4f11-b852-823a2ad48e71,339916901033460,thumb_256/339916901033460.jpg,10114.758392137488
41c34a6c-5d84-4771-904c-f392d3fa2d51,310345234006378,thumb_256/310345234006378.jpg,28490.845367243444
2755a9a2-0ef9-4091-b135-159349557c4c,333774211705077,thumb_256/333774211705077.jpg,20588.550148971917
c649408d-9822-4ad9-8b80-20006bd19609,213671460207180,thumb_256/213671460207180.jpg,40814.99318636829
c0d9ba18-832c-43b9-9770-76d42a05efb3,856210768440325,thumb_256/856210768440325.jpg,41803.13936559346
90a53fbe-ccb4-4c7b-b00d-f3c587ba24a7,934015137411869,thumb_256/934015137411869.jpg,43375.36938133704
3bfe2896-39f1-404e-9a7c-4846af02e974,138062764975116,thumb_256/138062764975116.jpg,10058.916339893369
a5c0ac11-73a6-4bfa-a77d-11fae4b06e87,945095582923509,thumb_256/945095582923509.jpg,21646.187818482987
562504e9-a070-4f5b-8eba-9f188a84c489,840867893166491,thumb_256/840867893166491.jpg,38303.45950892457
bb191990-e0dd-4e11-a47d-5bb604e3c039,1079856182423878,thumb_256/1079856182423878.jpg,28843.364207770577
6b022d12-29c2-4db9-abff-23bdb220c1ff,368080534583749,thumb_256/368080534583749.jpg,16393.387372797708
b5ed9dcd-f476-4cb2-9974-bbd8fba0e791,1438583173161036,thumb_256/1438583173161036.jpg,29919.097164120623
71a215b3-4712-46cb-86ca-18ee78419b90,309321380722816,thumb_256/309321380722816.jpg,34649.25274204614
bba4c7ac-a84c-4b53-a5f1-d64d1615d092,310974347092263,thumb_256/310974347092263.jpg,31149.531184128646
12bdc130-a7f6-4711-86a4-3bca402b6a0b,3982966695106084,thumb_256/3982966695106084.jpg,38380.38261137122
4d3920b3-10c6-4ef2-8054-8b69fe8efd45,786124959006776,thumb_256/786124959006776.jpg,27881.156685700298
4e7bccf9-45b3-4656-a044-9d8463e0fdac,4568052283223114,thumb_256/4568052283223114.jpg,23349.104695746744
5bc0f634-fd78-468d-bd02-e4bcf11d7eb2,823872354899196,thumb_256/823872354899196.jpg,33387.64585512335
97972b78-43c3-426c-92c4-2bc8ac449a66,3893461284077509,thumb_256/3893461284077509.jpg,20462.879617434497
e9e5fc8d-1aee-46f8-8b5c-b152aa72611d,3031070500444742,thumb_256/3031070500444742.jpg,3128.3533680974315
cc625f0c-2eb9-47c4-bdc6-a97de016a143,937141723707232,thumb_256/937141723707232.jpg,15010.439736163367
7d46a706-7212-4461-b7d9-13d90cbd53e0,1128023304365775,thumb_256/1128023304365775.jpg,23505.072736551556
c8ac97b1-dc65-476b-a8d7-a75a1b41d3c1,132400192264051,thumb_256/132400192264051.jpg,29745.8901189053
f18c8597-4957-4bd0-b15e-c595efaa8fa4,1340377626347270,thumb_256/1340377626347270.jpg,23260.05006904944
bc4bcf7f-1030-4890-9982-8b7ef6effd20,471843773885098,thumb_256/471843773885098.jpg,12653.158652671567
ccfe3977-2c2f-4677-bf2e-00950f733765,798249654141272,thumb_256/798249654141272.jpg,38879.386855221084
8cd3c04f-c17d-418d-8e75-d988e9d96dca,289595482846844,thumb_256/289595482846844.jpg,30962.493997288857
ee4f1148-4529-498e-8fdd-f938343b4250,474323063837343,thumb_256/474323063837343.jpg,23299.337970753288
cb5c82fa-ffd4-4e62-9548-8b23004ffc6d,478080760183068,thumb_256/478080760183068.jpg,26823.641641180315
b4dd5e51-f525-49f2-98e6-c20ded6725b8,848173042439517,thumb_256/848173042439517.jpg,29791.87598743028
5b831453-c5be-4a7c-9239-2b2cab0746c6,937712993466730,thumb_256/937712993466730.jpg,15566.956193972068
95b168cd-d63d-43d5-89d2-028afc1a24a8,1406024156410722,thumb_256/1406024156410722.jpg,39741.94908326241
21625ccb-1545-4148-9cfb-c3ebb403d691,495074934870176,thumb_256/495074934870176.jpg,24153.034402960333
f65f1e95-b162-4b6f-9a59-284f203e94de,1598858520325016,thumb_256/1598858520325016.jpg,32002.970079712253
af3774dc-e960-42bd-a615-d4caedbe768c,160807189384283,thumb_256/160807189384283.jpg,37973.56981629777
a6f79dc1-d427-409a-8c46-bf5b25dc8e57,1400119457028039,thumb_256/1400119457028039.jpg,35651.34371462157
7d1c4f24-0461-4f9d-b32f-24ceb2e44579,512670683416951,thumb_256/512670683416951.jpg,7696.670662454941
c6463f81-d85e-4499-8061-ad5bc54f5f5e,199418925147679,thumb_256/199418925147679.jpg,34158.02227983041
0e4295fd-fc34-44ac-8d27-dc5568644b6d,1930479703776812,thumb_256/1930479703776812.jpg,35498.92477759469
24978fa7-4576-42cf-93e4-67b4afc2228b,454082528997926,thumb_256/454082528997926.jpg,22479.26922876057
70c810b7-b0b3-4cfb-acb5-5ca12acd42e9,934310940638186,thumb_256/934310940638186.jpg,23857.801286738846
57b61c09-d779-4361-b1b8-3bdbe050bc82,669157673872177,thumb_256/669157673872177.jpg,22766.683215780224
8882eb2e-b3a5-496e-920d-c6267544a528,293758918977677,thumb_256/293758918977677.jpg,19137.105958206426
97ddfc30-387f-426e-905e-f1428d174a56,1196046444169120,thumb_256/1196046444169120.jpg,10276.322633319187
6f1c246c-b1d6-4418-b7d7-dd20c18f1d81,2526607837463124,thumb_256/2526607837463124.jpg,20008.865284488107
93d76b00-9562-4b3b-b3ff-e568822e620b,733715700633727,thumb_256/733715700633727.jpg,36199.53932118694
5c41ac7d-8bb0-4b08-a9bc-5bf4c931007a,291823429073905,thumb_256/291823429073905.jpg,46539.821025744845
d0b752f5-010e-4536-a309-ec830c269f16,444888123166252,thumb_256/444888123166252.jpg,17378.732395153682
044fce8f-1409-4c90-ab25-92b7042e4402,2469824089830169,thumb_256/2469824089830169.jpg,21728.617242842596
6c5b95d1-1c6c-4148-a431-88f83cd808ed,489557669049365,thumb_256/489557669049365.jpg,30367.981135495153
21b24e46-86f2-4b94-ac8f-c19bae4add12,185943893352916,thumb_256/185943893352916.jpg,32496.309219642182
1cb3a815-28bb-4419-9aec-4b5fcf6ad700,483736302909481,thumb_256/483736302909481.jpg,19926.877557391952
180b8aa1-2ff6-41c8-a8ce-4e46ef82ed6c,5674470509290839,thumb_256/5674470509290839.jpg,39297.78988863357
4a107cb1-2340-4ede-b052-2d18d5ff37a7,471374293970498,thumb_256/471374293970498.jpg,21703.27534993836
1d88b118-f9b2-41d9-ae63-de84d8a85e21,622046789195142,thumb_256/622046789195142.jpg,8002.556314886545
5e02447c-3266-4eb7-9bf4-ca96e96ba3de,1116983782140526,thumb_256/1116983782140526.jpg,22076.814331530688
8b2df4dd-0f74-47e3-97ce-0340d351f529,1374871622887133,thumb_256/1374871622887133.jpg,28383.254013836635
2baf3a1d-d67c-494c-860c-ce3f72dcf17f,811704796113455,thumb_256/811704796113455.jpg,23274.99651019846
9103fda2-6966-4c4b-9a53-d029dcdd4043,246365203907476,thumb_256/246365203907476.jpg,14885.380539860103
194ec7fd-cb9e-446a-b43b-7be29c7bd3a3,329837088564838,thumb_256/329837088564838.jpg,44354.38968460086
a73ae5e4-5a74-41e9-829b-243fc8766666,327336642311150,thumb_256/327336642311150.jpg,34580.9025104171
c5a35999-6cf9-40c4-97b2-96eeb0f48c1c,487884762524953,thumb_256/487884762524953.jpg,8856.729154435563
69f0dff9-8bff-4b14-af35-0682e28144de,756483098356323,thumb_256/756483098356323.jpg,10656.30901055706
c752d342-a794-40cf-9aa3-655d7bb88119,2083359985153050,thumb_256/2083359985153050.jpg,26448.354710461084
67f7ae97-6baf-40e1-94cd-f56ef851dddc,323594919287858,thumb_256/323594919287858.jpg,28373.07239104153
7bf07ade-8223-4469-b53d-746353154b13,2964792653797034,thumb_256/2964792653797034.jpg,21327.369363975195
e108e14a-e558-4f26-b7c5-a17020bc12d5,3671413519630730,thumb_256/3671413519630730.jpg,48321.0990453301
40e701ea-f8c3-4977-ab33-e5ca21d147ec,297690515331505,thumb_256/297690515331505.jpg,40497.018326836194
508f39d3-7f3c-493f-a9e1-c115e7687393,1290376121360470,thumb_256/1290376121360470.jpg,37044.080346044306
a05e8187-0840-4baa-8082-7e5b12712f7e,341350423998379,thumb_256/341350423998379.jpg,15664.445939446257
6f97a868-88da-41bd-a112-820ecb93aea5,250577310038839,thumb_256/250577310038839.jpg,34043.49234437393
837d4742-4fb3-4ea2-80aa-985a324d00dc,166168468771978,thumb_256/166168468771978.jpg,15823.428464603618
96530866-4196-4edc-956e-35b63da6c01f,863854260865160,thumb_256/863854260865160.jpg,18594.274089317194
cdd7d11d-f1dd-4098-9085-242c812c44e7,1394442790921908,thumb_256/1394442790921908.jpg,36286.45090123339
0e55d883-fda6-4cbc-9b56-760ce02d032d,2952045601778926,thumb_256/2952045601778926.jpg,31029.38996716558
bee95468-a61d-4577-833e-44430a477d6d,133300518856742,thumb_256/133300518856742.jpg,15275.151053820653
d82dd9e1-6a6d-46b0-b47d-34411ee102fe,500852481272401,thumb_256/500852481272401.jpg,14009.829107968937
f0e1c7d1-71a8-4da9-b9e7-2f5b767080f8,339364330854187,thumb_256/339364330854187.jpg,42977.80980358529
6d223548-e3cf-4b59-9f6a-a1b460c71935,3933656616719562,thumb_256/3933656616719562.jpg,23509.84582847791
c6902b06-93ec-4e4a-b8e1-7b035ed89b5e,489888472048762,thumb_256/489888472048762.jpg,27553.87443865698
44cbafdd-ed99-42df-9fc5-8ed6942adbeb,963208954441478,thumb_256/963208954441478.jpg,34168.26167346658
be680e14-4d5f-4321-9da7-01da39fae9da,206742161072412,thumb_256/206742161072412.jpg,20028.561813280587
445795e9-b3d8-41ed-abcc-7d576186a8d0,335232594686195,thumb_256/335232594686195.jpg,21781.624965419753
d2b2ba19-ed59-42e1-9fc2-c1ee9291e61a,793158418298959,thumb_256/793158418298959.jpg,50636.24232985853
f72a014d-17b9-4302-a1c9-70166801c3db,144192227689736,thumb_256/144192227689736.jpg,26739.02490249281
ab98b75c-5b22-4e94-af21-4a302d87fef8,249407376937725,thumb_256/249407376937725.jpg,30107.46909386291
1fdb15bd-196e-4e7f-a404-2369da4b484a,452786209151753,thumb_256/452786209151753.jpg,36657.303875399804
d68a65c6-18bd-495c-a967-c9d95dcbb245,4112097858852668,thumb_256/4112097858852668.jpg,38127.90221198511
d4426c31-e104-449e-ae42-2c1670ff8a0e,968826717218478,thumb_256/968826717218478.jpg,31506.814860194558
674860c5-d1d9-4b5d-9ab2-e08ced3a4517,1363523690681497,thumb_256/1363523690681497.jpg,9400.963606947222
6619d024-aeae-48a1-aa07-f3e15ac1117b,835613647087690,thumb_256/835613647087690.jpg,13230.937511984323
54ab2999-cd39-4767-8a1b-b4371b9fbd3c,964397604332626,thumb_256/964397604332626.jpg,25751.65824691279
2bbfcf1f-fb6a-467b-8282-a9e347c49f0e,194590145810142,thumb_256/194590145810142.jpg,54339.72375207572
3198fecf-02aa-4646-892f-20024bd7d4f2,133536668766046,thumb_256/133536668766046.jpg,29453.561988591784
cabdd3be-7e50-444f-abc2-ad0e5bc621fb,312223923679841,thumb_256/312223923679841.jpg,26160.73643498087
ae6f474c-fc61-493d-93ed-2a9374f483ff,135102468646873,thumb_256/135102468646873.jpg,54887.15046854768
f888b77e-5e8c-45f2-9117-c49a522a18e4,234865808397701,thumb_256/234865808397701.jpg,29195.84083999211
4f140da0-bca8-45e1-95b3-c12383210394,3991825290894330,thumb_256/3991825290894330.jpg,26014.478809291857
aac78bc1-bb9c-4027-81fc-73c81b49918d,145845727568904,thumb_256/145845727568904.jpg,19428.549802953523
1c79aea6-468e-4c71-a152-e2d18ac9123f,1045081949357723,thumb_256/1045081949357723.jpg,37777.19198852208
e3c1b0e6-36ef-4d40-b31a-73b241443ab2,4352028058149287,thumb_256/4352028058149287.jpg,18405.159552388264
e5f11e93-1755-43fe-a547-ed1f1222695c,484021319582615,thumb_256/484021319582615.jpg,27286.351899497375
801a40c7-38ab-4165-acff-97674a0ee1f2,743086246359369,thumb_256/743086246359369.jpg,18482.445987256302
34082ea4-a978-4e63-a089-38c7cc0f5a30,1153926121720167,thumb_256/1153926121720167.jpg,39804.124008756175
b8c499f1-7509-4493-880d-44f1c46b1372,253585393122179,thumb_256/253585393122179.jpg,20192.11449343549
b1c7bd26-4f36-45ab-b3fc-eb117c78c7d6,1428963760800173,thumb_256/1428963760800173.jpg,37590.167439952376
6eae70b9-4e5f-4751-aea3-8d44f0f3b049,479606516680974,thumb_256/479606516680974.jpg,38658.09276984977
7a875df2-88c9-4013-9947-ce6b0d8c98cd,1132301103954967,thumb_256/1132301103954967.jpg,28168.116503805588
82961bd8-8661-42f4-a585-b9db10e72e4e,216745476605743,thumb_256/216745476605743.jpg,19499.608374906744
6efecb8a-6da9-48b5-91e3-b2b5dac53868,1292132227849385,thumb_256/1292132227849385.jpg,8765.299018912927
0a49a843-1181-4fe2-ba44-f024c45f5cef,2667804136851003,thumb_256/2667804136851003.jpg,21542.321771626506
00ed8510-b3af-47ff-bf4b-ed3832b1a0ba,472659884045820,thumb_256/472659884045820.jpg,56401.52721065587
fedb3b46-aea4-43a9-98e4-cbbf1eb71a8b,936955413727112,thumb_256/936955413727112.jpg,30222.30191043596
b784fea9-0a0c-4105-bd55-a32d8cec2f69,3615447415227814,thumb_256/3615447415227814.jpg,31881.473774195838
9955b97c-3745-468e-b388-c102e71da708,865871053966335,thumb_256/865871053966335.jpg,14336.587363150451
bda359b9-89e5-434f-a3d4-090c2dc6a445,166135122103277,thumb_256/166135122103277.jpg,22826.005352442113
73c919bb-da2f-46d2-b0be-8f8eafb7be76,518961042808334,thumb_256/518961042808334.jpg,12201.082786634333
71a3684e-9930-4f92-817b-449406512061,1120080371825546,thumb_256/1120080371825546.jpg,23690.51926263132
76f371da-0651-47c7-ac58-98554c036d21,519772095823047,thumb_256/519772095823047.jpg,22719.51105868718
2e1de686-d46e-4f80-acba-99aa010078af,307772854272449,thumb_256/307772854272449.jpg,43925.24310143762
d4da10a1-327a-47aa-9960-e019f8c74960,144364391007685,thumb_256/144364391007685.jpg,18162.502858083535
8104b83a-039e-4717-bbe7-1133dab464fc,561854284794008,thumb_256/561854284794008.jpg,33804.367247601615
8e6328d0-3e88-4abc-a9b5-3efbd5f8273a,2906862532917461,thumb_256/2906862532917461.jpg,40085.75676938388
1b8057b0-a96b-4be9-a98a-e3c54c1f4a7f,173269751345008,thumb_256/173269751345008.jpg,17371.558451529276
4982645c-3973-426b-9416-617f8644894b,514095849616888,thumb_256/514095849616888.jpg,23509.671510294836
e203f90e-4bf5-4bef-90a3-5891b2f1e036,177619674149548,thumb_256/177619674149548.jpg,29014.133426305147
a1a26c72-4264-4ad2-8828-c117d2e0fecb,112277960929426,thumb_256/112277960929426.jpg,18719.823436592695
b9b03796-dde4-4136-bc91-159552760bba,4175097185880661,thumb_256/4175097185880661.jpg,37069.61814172855
d1e9e461-72d8-4b50-9e93-6dc1eb4b0355,473962143839915,thumb_256/473962143839915.jpg,15615.76865598091
d7e1da9c-2ce7-4c77-b678-44bc6ea47d68,465893001352259,thumb_256/465893001352259.jpg,23652.16902435418
945bca41-6b5c-43f2-8d75-dc2e934de003,517833456256542,thumb_256/517833456256542.jpg,18935.178495131247
d7d8eeb5-b399-408f-8b9b-b9b120b36a96,313719900472776,thumb_256/313719900472776.jpg,35036.68565020363
58b9ee8b-2f81-4a17-82fb-b609949e7845,461891715040804,thumb_256/461891715040804.jpg,28264.771655162058
7a3b43d3-ac71-4ab5-8401-2b90a1fe780d,1567920283419249,thumb_256/1567920283419249.jpg,25537.05848499413
5b3169a0-8d5f-4005-a33c-13576ca47b88,1186003728504321,thumb_256/1186003728504321.jpg,9709.759792220999
a1aeb3e4-9c1f-40e3-8f7c-9e6cf4b02fb0,290481746083064,thumb_256/290481746083064.jpg,41701.147871300534
6b5263fe-581b-4a94-b6bc-b0dfbfc4714c,296837435323712,thumb_256/296837435323712.jpg,76157.98634082993
8dddf692-98ac-42e8-85d2-ed01075a7589,194357812534339,thumb_256/194357812534339.jpg,19060.220253427084
819770ec-853d-47f0-aa28-39a26459e295,733001167379718,thumb_256/733001167379718.jpg,14797.006752494774
11f37e56-ba66-40d3-a67a-064a27443d4c,307322280836852,thumb_256/307322280836852.jpg,32546.847227686587
280b179c-762e-4e3f-8571-b5a8a90583b4,4106633236087516,thumb_256/4106633236087516.jpg,19016.915940169172
e8b171db-7cc7-4cf0-9655-0a2bc254b209,816015095666456,thumb_256/816015095666456.jpg,29624.085786172443
5e5d7f36-188b-4418-9c76-dfca5905a6c5,786174152037962,thumb_256/786174152037962.jpg,25705.399051991502
02ce0f73-80c3-4cbc-be91-a03202f98c50,218216820089742,thumb_256/218216820089742.jpg,19885.503577524625
32bc27ee-f17f-4479-8a5d-e8fae4d237ac,477064313383279,thumb_256/477064313383279.jpg,14329.414024547716
5d8bc1c7-49d1-4b29-9c94-adb3f908a7f1,295235018861912,thumb_256/295235018861912.jpg,21427.864378344795
10a66e86-f4b0-4cc1-867e-b4311cd46fa5,153848156692704,thumb_256/153848156692704.jpg,30673.88207253942
bb1cb0bf-2652-4b8d-aa85-54c9486d6abc,4031219906900409,thumb_256/4031219906900409.jpg,46109.27042907502
610a58e9-dc85-438a-a3c6-8239e591c0de,597932657843762,thumb_256/597932657843762.jpg,36849.61174717478
c2b656fd-0de9-4ecb-95c1-845ac0e253bf,470339667608929,thumb_256/470339667608929.jpg,33223.88813871719
9d87a419-6acd-4b2c-824e-fa305ee7be10,188709849750954,thumb_256/188709849750954.jpg,27551.43127950596
d09f1b47-d32f-42bb-a8d6-59e5e49b7e00,869634353908198,thumb_256/869634353908198.jpg,23800.621226311145
ad9186ce-de00-4135-b110-4408a2a8091d,135277078595531,thumb_256/135277078595531.jpg,37866.413133543414
0f489f05-6487-4d89-8ef8-d4d75d302aec,1007555959777675,thumb_256/1007555959777675.jpg,29719.723226618727
ee7ed16a-d93a-4378-8136-fe221a3a9512,287358169766392,thumb_256/287358169766392.jpg,21444.315651965495
7615aac4-d918-436b-848a-b9da64db9053,2923382957931185,thumb_256/2923382957931185.jpg,37359.95746027853
b46f6ad7-6efa-4192-9942-1ce42880c507,969962983778510,thumb_256/969962983778510.jpg,22308.255174312202
2e68753f-e5e6-49ce-8b32-2d2de1d0eea6,1424914434521480,thumb_256/1424914434521480.jpg,17280.698241493476
af8aa98f-e5f3-4e23-bc5f-65ad22e9e5bb,785654678746328,thumb_256/785654678746328.jpg,12696.69811811341
fc98a1c2-6616-4687-9cde-209c7b118e73,1256067218145235,thumb_256/1256067218145235.jpg,8954.684459739681
364ba2d6-6b74-4366-b6e9-3833be1dd1e6,388781362164024,thumb_256/388781362164024.jpg,29784.309142172722
1908c7ab-a7aa-40a2-93a8-f76fd6ba6574,4254923601241173,thumb_256/4254923601241173.jpg,17928.532183871
99a50f19-64c1-4f05-a43a-a6698b1f3693,4153600938048953,thumb_256/4153600938048953.jpg,26848.225925979394
6e8b0a66-5104-4ec1-9488-37bf7c2f6b84,466800351060878,thumb_256/466800351060878.jpg,39085.76113628521
e3bd1f95-3c05-4a7a-8e97-958145b910c8,471723330772887,thumb_256/471723330772887.jpg,22646.93713255763
5c3c04fc-a52a-49a9-889d-1656b42e17c8,153605216664320,thumb_256/153605216664320.jpg,19491.000406263905
48227d65-548d-4ed6-b882-879627c8ad4e,204403981336379,thumb_256/204403981336379.jpg,29344.032326745873
cdd5e541-fee2-4a64-ac36-4f6162a19b72,791281874905558,thumb_256/791281874905558.jpg,79000.07248223112
2909e807-6c19-4bf6-8b64-2071181a690f,929471111150735,thumb_256/929471111150735.jpg,35058.49021658171
0e551363-08dd-4251-a527-ad5e8ce8f40e,517186815987347,thumb_256/517186815987347.jpg,29498.001436489507
5f03fb7b-80c0-4e33-bb35-a095c1c801e0,2563661663928468,thumb_256/2563661663928468.jpg,44234.9087584791
af9ee0eb-43f6-45cb-8ed6-1346aa7ed9f4,315927563457246,thumb_256/315927563457246.jpg,12372.999409189866
d184c8ab-5473-470a-8033-c90e28930f75,492415898656888,thumb_256/492415898656888.jpg,30425.241873781048
88782ad3-1ab4-4314-852e-74fc4fc79837,1447622888926209,thumb_256/1447622888926209.jpg,33634.44682920122
d71a847b-192d-46d5-8a31-15c98203a08a,196903328917137,thumb_256/196903328917137.jpg,30730.696999249045
e51db7f9-3a83-4632-bec0-8e21b86ebbbe,514090203350248,thumb_256/514090203350248.jpg,23167.4410462605
25cbebfd-ae11-4c6e-b0d3-666ed8b91bbf,3677782359017393,thumb_256/3677782359017393.jpg,27055.9830843332
a7295f45-e090-4d84-80f6-f0fa1ee52830,526362231730758,thumb_256/526362231730758.jpg,30682.874520345616
59086929-597a-438d-b799-e928ac8aa381,546275413085839,thumb_256/546275413085839.jpg,19531.276456814707
e9c45df9-3e06-4927-b492-d7095f83da06,117296970381514,thumb_256/117296970381514.jpg,33698.532743037926
104b7051-036d-4a36-b484-4be2dae30f93,1368183820247230,thumb_256/1368183820247230.jpg,38474.447757746406
5fc8c221-49b1-487c-8894-52aa248f14e0,373672767356002,thumb_256/373672767356002.jpg,37953.711212990966
7af39fb8-8738-449b-8147-d3759dff16bf,173656044684273,thumb_256/173656044684273.jpg,8674.368962951537
18385171-452f-4e73-a60a-981e34d5b886,162281455709621,thumb_256/162281455709621.jpg,35125.747765317836
99640d11-2646-4256-ac28-77d971d4b9e0,2936187169975226,thumb_256/2936187169975226.jpg,15443.18433118396
a05147cd-c92a-4065-b031-7636c6189af2,159130092719418,thumb_256/159130092719418.jpg,27989.274936046582
ccb39fa3-9828-470a-9ad6-7f9653370fcb,758358601543703,thumb_256/758358601543703.jpg,15909.005908190002
ce00e549-9a36-43da-bc1b-5c108b8af482,1622642407923447,thumb_256/1622642407923447.jpg,47402.73520693485
9122e8b8-0302-4fa8-b72a-c95f483f22a8,1174890673026433,thumb_256/1174890673026433.jpg,26943.235533206873
2bc83292-d4bb-4b51-bf9b-f40e81af53ad,804504907168267,thumb_256/804504907168267.jpg,37895.33050261169
e1eb98f3-2f49-4ca1-98a4-cbfe9f0feda9,3856273247804029,thumb_256/3856273247804029.jpg,23192.778804002868
ab15f3e8-c8c0-4f85-8582-370fd7ed8bfe,363676315077748,thumb_256/363676315077748.jpg,18977.028195195104
55cdc95c-3d29-432b-ad48-5385530b080f,5396597237077028,thumb_256/5396597237077028.jpg,16321.934815033626
1e059233-3dba-4627-8b7e-602f5ba0d525,764209484254955,thumb_256/764209484254955.jpg,27074.17494158298
99c36446-db4f-493b-b9ad-bef37d8b2455,919147211990274,thumb_256/919147211990274.jpg,59306.64910733225
3eeddea2-c192-4d50-97e9-00bf1215efdd,982777099195313,thumb_256/982777099195313.jpg,20377.801292865468
8847310c-122f-4b4d-9bfc-110139151c55,209475357664457,thumb_256/209475357664457.jpg,20586.609196947207
3d109485-8f28-444e-9fb6-f32f118afcdd,176479151046858,thumb_256/176479151046858.jpg,9288.809141227823
d0d67fec-4a1b-4888-b49a-4589a71a70f9,172420294672989,thumb_256/172420294672989.jpg,12665.021643373362
12d68888-8337-4861-be18-1cb4f04ea4e1,317694716425438,thumb_256/317694716425438.jpg,21628.408709940282
1ae13786-de9f-4197-a7bf-0359c54ce1d6,488648569146700,thumb_256/488648569146700.jpg,28867.43237323949
69efbfa3-b814-44c8-8134-ad37c668ef69,455124865788168,thumb_256/455124865788168.jpg,17663.023054038313
3e18d4e4-3ffa-42b1-9d89-efa244ce9101,505889037227895,thumb_256/505889037227895.jpg,33028.7349344478
642d2efb-009b-4911-9b6b-590f83c4fa01,293570475747145,thumb_256/293570475747145.jpg,29827.611598192078
3e09a45d-8cc8-4217-a311-465528496436,184552203432388,thumb_256/184552203432388.jpg,16720.97042688743
e6062196-bc74-4efb-b408-6615e243eef8,1746908458844483,thumb_256/1746908458844483.jpg,32511.478476465323
4cd99fa7-cc6f-4967-9a4d-2975d0e64095,3547985028760333,thumb_256/3547985028760333.jpg,35195.53071493548
6f0a6526-17be-45b6-a5ea-160fdaa1a622,474194643999401,thumb_256/474194643999401.jpg,50796.13993102005
fa616933-22a1-4918-90ee-b39c15a1d367,3935932919775026,thumb_256/3935932919775026.jpg,23256.43586385079
3778e8ed-beca-4eca-88de-4dc23731c333,821188248500403,thumb_256/821188248500403.jpg,14310.46496872647
2fe02eb2-bde1-4188-9bdb-df97efd13aea,2957898301107987,thumb_256/2957898301107987.jpg,22227.539725359107
b151241e-406e-4482-a4da-af0d294ab862,303473544664122,thumb_256/303473544664122.jpg,17057.43547816228
a4a96afd-0574-4de8-b8ff-72edc40ff8c4,2963469670589869,thumb_256/2963469670589869.jpg,27978.66759597253
3083fadd-2b70-4d71-b042-750aae4cc447,802510513980966,thumb_256/802510513980966.jpg,32107.94466564928
6405a530-9368-4d8a-bd36-6b49928ba0c0,866057434263405,thumb_256/866057434263405.jpg,39676.047585159795
3d3947da-ab9f-4b1e-8279-d3caa3abdc84,489506582480414,thumb_256/489506582480414.jpg,23235.775166830404
4a7d5ef0-6bb6-4d4f-9f47-36c0e83be94f,824459351813919,thumb_256/824459351813919.jpg,35525.6575783241
b2d7c5d0-86fa-40c0-a615-6300705af931,1891793734331182,thumb_256/1891793734331182.jpg,27798.608709912518
3eb24480-af5d-4c8c-8c57-825389f2e7bf,451360675933511,thumb_256/451360675933511.jpg,29687.795863310006
77b02e82-3e16-4f40-92cd-54b698e6f6a4,943096096492707,thumb_256/943096096492707.jpg,38301.073833097355
7b81cdb1-8caf-47f3-b45a-7d7f082496ee,475438700331978,thumb_256/475438700331978.jpg,17125.620652139478
e0aa1be3-e8a6-4003-b7c7-f697aa250df6,1196047110832933,thumb_256/1196047110832933.jpg,33959.00381134892
1d57fe04-4a58-4804-92cc-f9ea66ec953d,541060950218956,thumb_256/541060950218956.jpg,39914.81202298309
62ae94fe-a15c-4866-8885-a0a7a52aeb51,1258739764558940,thumb_256/1258739764558940.jpg,13515.512966755428
f8e72f6b-0e15-4e2d-aa35-e6cf4e9dbfb5,875710493019354,thumb_256/875710493019354.jpg,19498.410612775373
554b1500-8c5d-4506-9d3a-907b360ee033,503112697397657,thumb_256/503112697397657.jpg,16904.00747275333
6ab635a3-36a9-45c9-b1d4-560c156f7265,1005358356665577,thumb_256/1005358356665577.jpg,40453.262557888746
8bdc65f7-4cec-4142-b073-f03072c72fb7,1063214784203245,thumb_256/1063214784203245.jpg,24508.817610923656
c6ce5c36-7a7f-411e-b9d9-a737c27a6f8c,1825161797654603,thumb_256/1825161797654603.jpg,10620.800524873841
96796a3c-3b98-48aa-87cd-97877650d619,243438587576464,thumb_256/243438587576464.jpg,21309.59029213737
52edaf22-9ca1-41f8-a65d-17da3a7a53b6,153813396628193,thumb_256/153813396628193.jpg,60843.602411877284
dc16186a-0aae-4576-bd0b-0d3edf7e63ee,169645055047778,thumb_256/169645055047778.jpg,18052.893997114727
dfdda47a-6102-4175-b7a2-2049d36cc21e,829421837964823,thumb_256/829421837964823.jpg,19500.241287999095
e6b76c78-0f08-43a9-8421-714176b6aeb0,5665139546894363,thumb_256/5665139546894363.jpg,28322.961848730734
c0a1ea92-1cc8-47c1-8a51-09ee838817b3,382376823023373,thumb_256/382376823023373.jpg,51245.00237899983
a2dfb278-49e6-4c79-9763-a14e1428142e,756469078340729,thumb_256/756469078340729.jpg,37481.7675078111
f97e9175-1bf3-4ee7-a05c-3ac10c14e4b7,622448279153248,thumb_256/622448279153248.jpg,44876.738118030116
620fa0eb-c7ad-4be8-9f9b-82bf8452d4ca,285904129735681,thumb_256/285904129735681.jpg,22725.703399174185
d21105bb-e049-48be-9046-99d4817bc280,622985692008503,thumb_256/622985692008503.jpg,33426.82623970952
4edf0c7d-0246-4995-bafa-3c4733302c32,364561128308645,thumb_256/364561128308645.jpg,44356.07736835994
5083f783-bb3f-4056-bfbd-49a3f0960498,1120781351738796,thumb_256/1120781351738796.jpg,37429.8819366207
d53941c5-7789-4179-96ac-b4df9420b254,136057168442045,thumb_256/136057168442045.jpg,20300.26916796112
3c5afd64-64dd-4c1d-ba9d-1085fe70fdf4,165980922102432,thumb_256/165980922102432.jpg,33888.826957008685
7fe33c31-9788-4855-b297-a08ef85ada5b,352077523143755,thumb_256/352077523143755.jpg,13801.747488625073
53b7d129-c96f-463f-b846-73aff35305ef,292622052491514,thumb_256/292622052491514.jpg,53141.76690826942
9d052fb2-e800-4f08-b40b-eaf4097112f7,473126643939391,thumb_256/473126643939391.jpg,32756.946493096504
fa1b336b-e818-436d-9bd1-34e946966738,380651956522956,thumb_256/380651956522956.jpg,12517.503204333285
c8f02277-faf0-49b6-9ea0-96ece7dde547,781804545854856,thumb_256/781804545854856.jpg,14359.848891282052
39dd053a-526f-4727-ba3f-565f391f55e5,3030741170480150,thumb_256/3030741170480150.jpg,30759.501027779042
42a80135-ee6a-43a4-b6cf-adb5e49da23f,761483974566608,thumb_256/761483974566608.jpg,32572.374817933156
29fdca17-c012-48f2-9f7b-9e183243b368,902794603848275,thumb_256/902794603848275.jpg,22368.196108172753
327523ff-44a9-4cd9-8770-9881ec654ea2,1165612543851791,thumb_256/1165612543851791.jpg,33032.35885139523
c9e2972d-ac9e-493e-9da8-bb43c8124d62,344494333762089,thumb_256/344494333762089.jpg,35907.79482492895
fca6eb44-7671-4324-b174-9fe8bbba1c76,199661878659639,thumb_256/199661878659639.jpg,29854.216928020523
8a3b9ff3-c4d7-459e-ae02-86eda7239bc6,521080655716532,thumb_256/521080655716532.jpg,41935.04587987322
55fedd46-3dcf-4577-9a4b-a609a4b3c7ef,293680462469316,thumb_256/293680462469316.jpg,31951.32903498333
72eac00b-8ac3-4361-b9f6-d706366c9495,2885255214932721,thumb_256/2885255214932721.jpg,18277.569165826837
3e7efd47-f082-45eb-83b4-3d0cec6017ed,370777847589977,thumb_256/370777847589977.jpg,19340.008277541794
e97fc6bc-4252-443e-86d9-142c3e6f2c28,316259566612210,thumb_256/316259566612210.jpg,20173.78577450975
143ee243-e8d1-4398-a4d8-030dcc8ce0be,322995945910824,thumb_256/322995945910824.jpg,28186.561259200782
b6c9be3e-cc50-42ca-a49d-9fbce320873b,175626831119658,thumb_256/175626831119658.jpg,11978.841728524743
3765c4e3-81a0-49e9-b605-6cf5a05f60af,789555271698027,thumb_256/789555271698027.jpg,30336.434310824494
5228d8ef-2bdf-41c0-82db-4250cb6f872b,2989850347964279,thumb_256/2989850347964279.jpg,17057.895767300022
9caa667c-6314-4876-b0f3-21836d499c19,273529981175797,thumb_256/273529981175797.jpg,15760.707508678532
c5e140e0-292c-4ea3-83f9-023c3dd6b87d,458943245403238,thumb_256/458943245403238.jpg,21357.848784036243
fa462138-db66-44f5-b884-9485be6a7a75,309848260777276,thumb_256/309848260777276.jpg,22803.404837245806
8bc4990a-ff7f-4f26-b429-dea64bef3877,480800876376272,thumb_256/480800876376272.jpg,52812.7176418687
6f307672-6bbf-47b6-8c21-0620aea178fe,487557862491694,thumb_256/487557862491694.jpg,14673.988329891969
88cdccff-c291-4f75-9943-d48feeb6f7e0,3962060743891704,thumb_256/3962060743891704.jpg,7358.532155356181
7e90422c-ca02-4210-8102-268db2405552,529689255081328,thumb_256/529689255081328.jpg,24616.31613327023
d2bf124a-ab3c-419b-b412-3249a55f4d1d,882621885649538,thumb_256/882621885649538.jpg,47259.03909785336
7073dd62-0363-4553-9e90-76fffb7df4f3,469408617646755,thumb_256/469408617646755.jpg,29813.29303455985
72d0f4a9-b2c5-4ce2-9ed4-a4dbdff31493,212312753790006,thumb_256/212312753790006.jpg,14664.38383955605
3d74d5bc-7317-4288-aed8-389af7ecbc71,280173387118424,thumb_256/280173387118424.jpg,35327.536964674975
792999cc-056f-492f-8295-5b550b3dfb29,294470115645039,thumb_256/294470115645039.jpg,63745.868450725866
cc7ab153-fa65-41ef-a6be-81701356056d,284099916602501,thumb_256/284099916602501.jpg,23471.595121181992
dc981d95-948a-4401-80b9-6dd9e5a0a97b,872688253311479,thumb_256/872688253311479.jpg,19862.913337047237
86d34eb1-d681-4ad2-81cd-aee0acfd2856,4124400507623147,thumb_256/4124400507623147.jpg,26113.745159058642
19382ae5-ac5b-4eaa-ad74-f548ea5a1ea1,282027183570544,thumb_256/282027183570544.jpg,16848.900935735743
8bcbcdc4-ec04-48e3-ae8a-f075291f55a3,328693322221540,thumb_256/328693322221540.jpg,23438.85019083298
3d164e6b-5967-4778-b570-b662eb2655b3,486511662601125,thumb_256/486511662601125.jpg,27314.998170698054
defd9433-7afb-4460-8ead-0fe73e24ac86,912705512859608,thumb_256/912705512859608.jpg,20322.61772176827
d81e6207-8ca4-4609-ba5f-117718ea6f10,4057134557680235,thumb_256/4057134557680235.jpg,46344.159635989345
eceb471b-7faa-4418-9c29-784d6e989e18,2937975726519295,thumb_256/2937975726519295.jpg,16780.749948108998
be59d8ef-cb61-4dff-8f9b-c6d6865d1c1a,1002320337262052,thumb_256/1002320337262052.jpg,26258.28315389548
872faa01-2b1a-4974-a79a-90033e9959d7,1129637734178936,thumb_256/1129637734178936.jpg,35077.83331765447
86208f48-3b22-4099-bec8-6497d7648188,944532129701000,thumb_256/944532129701000.jpg,9209.67434878285
81040dda-1f00-4500-ba8f-4671b07b0df5,490502998770157,thumb_256/490502998770157.jpg,32061.48881155006
270932e8-6907-4048-8094-2afb24f52099,456939425381237,thumb_256/456939425381237.jpg,18342.903202212336
31d98aba-5d3a-4af8-a0a1-2d5be3de0f1a,172063204825420,thumb_256/172063204825420.jpg,21093.92304379149
b979013b-2cb0-4294-bb60-e7bcff34699c,563205744661124,thumb_256/563205744661124.jpg,50235.42658872554
b9eeaefa-2bdc-4963-b0ed-488b5be79bdb,235423328342799,thumb_256/235423328342799.jpg,16288.258879257011
96973665-d058-4284-8247-7de6d101cbea,468559991035119,thumb_256/468559991035119.jpg,44189.19341213201
7c762134-94ec-4316-a0aa-5aafe64e6d2c,554991272137272,thumb_256/554991272137272.jpg,17037.05606736479
6f077246-3f27-440c-a5e4-b12fe165fe63,919473868888217,thumb_256/919473868888217.jpg,35140.170274495715
c116baec-988b-40a8-9507-10a06ed2b284,299403271656968,thumb_256/299403271656968.jpg,31801.59859557622
09bf4402-860a-491e-82c2-841efad8504f,461672178275881,thumb_256/461672178275881.jpg,32865.0227071555
7e928bb4-efc6-4728-983d-9e65ebd6f2cf,887933921784050,thumb_256/887933921784050.jpg,55486.2965479992
d542a9c6-39df-43ec-8c7d-0f02999f8f8b,106205508197682,thumb_256/106205508197682.jpg,41143.66639518241
4c17344d-725a-4022-8000-edda11a32d0b,518519569412557,thumb_256/518519569412557.jpg,14590.327734179298
60f71495-8b93-4da9-966c-881f6c992f6f,746025609405301,thumb_256/746025609405301.jpg,47435.66647238063
d35d7129-2a81-4d86-a505-e8bcde7f1f21,753432975535435,thumb_256/753432975535435.jpg,21198.391134051893
613aa082-e4cf-4cbf-9c9f-947924058470,466441364643229,thumb_256/466441364643229.jpg,16011.171332670849
9cf4a4a9-1110-41c6-97ff-b6ba78844f15,298574735199223,thumb_256/298574735199223.jpg,19707.715253099635
e4db1ded-8d4a-4e78-a823-bbf7896e0259,806908756910912,thumb_256/806908756910912.jpg,34004.316407733575
3208f1bb-2c7e-4bd8-ad07-b7f4d24adfc0,1986750664796117,thumb_256/1986750664796117.jpg,13414.922772594131
69c45be9-31a5-46c1-ad71-531cd452b06d,141222698023179,thumb_256/141222698023179.jpg,19708.154218148353
08305a04-ef26-4a56-bbe0-6df632ebe9ba,956321331839729,thumb_256/956321331839729.jpg,22445.289289963788
834d1bee-e708-4b90-8b27-868a835fea14,589758405277916,thumb_256/589758405277916.jpg,19366.51797309046
be6cc705-851c-4a51-ab16-3c528f4d07a9,462811794800182,thumb_256/462811794800182.jpg,46248.721284267755
5ef56273-98a8-4e0e-8713-a50c752a0bff,748732292458019,thumb_256/748732292458019.jpg,51965.289924725344
54997638-0c0f-4cc4-840f-d5f771e2c527,3896133600483704,thumb_256/3896133600483704.jpg,22712.177561661265
d78a54ed-2cff-479b-bed1-a01b41235888,816266302638377,thumb_256/816266302638377.jpg,26922.400081289798
b4fd5c97-dc3f-46c0-9249-ee913b463375,471760433879730,thumb_256/471760433879730.jpg,28222.142315043962
e590bc4b-fd38-4dd3-8d64-a46b8c2235f7,283919840039896,thumb_256/283919840039896.jpg,17957.953303527072
0d863b83-e8e7-4632-8885-2044c56a190a,571485584241859,thumb_256/571485584241859.jpg,39216.53154153229
9c5cbfaf-4686-40ff-b948-be386dec8cae,110826974409867,thumb_256/110826974409867.jpg,26352.74161762194
4087fb3d-2eb7-43e4-a4a9-d33636b9a008,2929025794090217,thumb_256/2929025794090217.jpg,34486.511282645864
2310a923-8999-4249-ad7a-13bfa5f5b25f,3855531627867280,thumb_256/3855531627867280.jpg,14347.511259028035
5f72c30d-7961-48af-b3b5-b35edeb1736d,479257636674504,thumb_256/479257636674504.jpg,31276.743459332367
f4067350-1965-4aa6-a38b-6c7484360e49,881178622464203,thumb_256/881178622464203.jpg,9865.334738101834
cec13286-a199-44cd-ba1e-f9caaf27d6fc,3616075138498203,thumb_256/3616075138498203.jpg,18253.005545162974
73e0d87a-5300-4f10-8485-6f1b2fbc1a5e,172392514791969,thumb_256/172392514791969.jpg,21803.475112275522
6ddeb299-91b2-4b02-99a1-62a962c8eb92,1961779230638898,thumb_256/1961779230638898.jpg,44212.7293688085
ca25ffbe-abc5-4cac-8305-176fb108bb34,568214774153838,thumb_256/568214774153838.jpg,32579.20018970546
e7c2b2a9-b608-48c5-a53b-22f8fd72a8d6,1130420574094061,thumb_256/1130420574094061.jpg,20490.75569453899
75e123d0-c4a9-406d-badb-d0046cbc127e,465282277904257,thumb_256/465282277904257.jpg,16464.430062625102
a8d059bb-23fe-42b6-b76c-9820712aa88e,193196692628509,thumb_256/193196692628509.jpg,21669.106528777396
e1439e0a-a18b-4f97-9e08-e2d05b0e3eaa,221483786404154,thumb_256/221483786404154.jpg,15770.195817289456
0bd9ba07-a5b5-47ec-91c6-0cf8501192ee,315008280241524,thumb_256/315008280241524.jpg,17591.858499787246
5db53041-f046-4645-b308-13d379ed729a,986262565510665,thumb_256/986262565510665.jpg,28192.65642978797
46779ac2-957f-4344-a8ff-ea050394f7b7,461567574909628,thumb_256/461567574909628.jpg,44229.71246602451
cfa88916-b127-46aa-8e4a-26b6a0397182,931111647676922,thumb_256/931111647676922.jpg,30352.228761011076
2aa2ae55-7b40-443c-aafd-65c06de40a05,837688510161549,thumb_256/837688510161549.jpg,35234.0509948009
0f22201b-eb33-4ddf-b42f-a2673a59eec0,904103417042339,thumb_256/904103417042339.jpg,48513.22809015601
59136551-9d49-4a96-82da-3a4f3b0673ea,2936785299977970,thumb_256/2936785299977970.jpg,48232.19048094252
190915b5-5225-4f63-b7a3-2684cb8f44d6,375169183857454,thumb_256/375169183857454.jpg,28739.39335590627
3306fed5-b1f7-4567-ad35-7d4a79b51a1a,2825080504406339,thumb_256/2825080504406339.jpg,27255.98456426062
af2e7896-7c99-4d01-b3f5-ce7ad04128c9,321795739374893,thumb_256/321795739374893.jpg,36038.18594328688
13ab3dd5-ae10-4170-a149-135ff6161738,4188921904492814,thumb_256/4188921904492814.jpg,19870.175323326843
bd5ea5b6-5c7e-45ca-886a-cff4d7e03ba1,232567508641758,thumb_256/232567508641758.jpg,26471.64582958149
aca479aa-e658-4e5d-ba10-d16840a23722,1011042862633674,thumb_256/1011042862633674.jpg,29413.935187361232
9be442a5-e5c4-4655-9045-85663d9c0196,1668509906872492,thumb_256/1668509906872492.jpg,13336.727953439102
e8a35051-26b5-48f0-9a82-682cb33b7dd6,512447633443972,thumb_256/512447633443972.jpg,43605.93493830095
03744c45-c6a0-4524-8da0-3d27a2833409,301897948159857,thumb_256/301897948159857.jpg,46870.89733903929
9ff0c735-aec6-4367-be6e-db930b008b01,283605640153779,thumb_256/283605640153779.jpg,22975.213428289884
b1dda74b-0bdc-4448-a1c7-1252509c6d2e,494108738434710,thumb_256/494108738434710.jpg,21992.73731573344
f4b871c5-553d-4e56-baab-b545f77f43ef,482523672801963,thumb_256/482523672801963.jpg,26509.283967360287
445809e2-0424-4c52-880e-87e838fcf908,486096532643998,thumb_256/486096532643998.jpg,10621.322503265383
7390ad60-4d75-4b86-ba25-927a3ad8a7be,907176633464174,thumb_256/907176633464174.jpg,18699.184692876825
bf174470-8649-4a92-99af-c67939a8ee04,298170491803454,thumb_256/298170491803454.jpg,32635.93867727504
d7f6299e-fdeb-428a-b94b-dfc4439ec8a5,1242812252804511,thumb_256/1242812252804511.jpg,22306.830324509538
aa4bb5f8-0a8a-47c5-a9fb-25f755495214,201129825162457,thumb_256/201129825162457.jpg,14627.589493425465
4c7034eb-e003-45f9-9721-8e9226eeeca5,268488345004789,thumb_256/268488345004789.jpg,45029.805707087064
40043227-2ae0-4209-9ef2-888a4eef886f,204139958033289,thumb_256/204139958033289.jpg,19110.774171773035
9517d911-a704-4497-9138-80a7a72008f2,275059494317624,thumb_256/275059494317624.jpg,33730.39442652503
91792e42-897c-49e5-a21d-ccd4a7741f19,220308702856341,thumb_256/220308702856341.jpg,20445.89908440085
8c0f3535-483f-4778-b5a6-394ce8ad64b6,744665486191240,thumb_256/744665486191240.jpg,13549.909379396137
283ffce3-a2cd-4090-b455-f8c4ba5be5bf,2983951915158195,thumb_256/2983951915158195.jpg,16165.073877529387
bab28ed7-fe53-41e1-b3f4-ae515f0d0635,540733200671259,thumb_256/540733200671259.jpg,18493.456887261487
b3de0ead-357c-466d-8a69-793d9e5ffc22,1059859834538325,thumb_256/1059859834538325.jpg,19926.021915645608
b9fccfbc-ac16-493a-8dee-fc3cc0c594fa,3561539820616857,thumb_256/3561539820616857.jpg,65023.36115281428
4fb55514-3c92-45fb-ad8c-4c5289743900,1105306619954273,thumb_256/1105306619954273.jpg,21174.053761358267
feab4d1b-2133-457d-9a00-4cba47f905e0,4325926557426209,thumb_256/4325926557426209.jpg,45287.328481721146
57b4bca3-cb62-4fe9-b60e-a09bbffa99a4,930160247801798,thumb_256/930160247801798.jpg,18359.682837102246
c0d12fad-9d9f-453c-b804-1dd1f1113302,3300409603395674,thumb_256/3300409603395674.jpg,30906.63141128862
5966ae60-eb33-4b8e-8694-91994132f71d,146657564142040,thumb_256/146657564142040.jpg,34344.827233880016
ea27daa8-c444-4c1d-a1d3-e0713cd65eb3,506559697027332,thumb_256/506559697027332.jpg,40902.00517674164
05695ecc-603b-4c05-a8ed-0d35ad153d86,302142668059175,thumb_256/302142668059175.jpg,19002.317391115103
0693471f-bf82-45b1-81c1-8f19ad0b1356,848341172429361,thumb_256/848341172429361.jpg,18441.172119760893
1c5a8b48-cc55-4b2a-9dae-873a323625cb,1947904172054702,thumb_256/1947904172054702.jpg,20990.927103850896
b1b4752a-f06a-4c37-b5bf-ed8ce2b534df,918168392368670,thumb_256/918168392368670.jpg,34015.5742938535
ca8a03a2-7dd6-4ae9-9d6a-5035168c9c24,578832249754974,thumb_256/578832249754974.jpg,16004.036370147536
faebdb79-6534-40da-80ec-f4add0b2702c,178515447469856,thumb_256/178515447469856.jpg,34445.85215531219
7ce545b5-59c5-4cbb-915e-eb110ad9bfba,862464157956759,thumb_256/862464157956759.jpg,62937.87055956559
95c81751-dc4d-428a-8f9e-afe45707a22f,738085836887183,thumb_256/738085836887183.jpg,20199.566222312053
7676d98c-236f-492c-acf3-a30ae6cfffad,985297022215948,thumb_256/985297022215948.jpg,25078.478542170873
cc4c8094-45f2-4a05-8188-62f58f100670,157191929671390,thumb_256/157191929671390.jpg,22685.145840323607
9aeedfe3-6dfc-459c-af67-758f91172dd3,998147007622070,thumb_256/998147007622070.jpg,34750.795033227885
ce402cf9-9fb2-406e-8b42-d82884279398,773329990038378,thumb_256/773329990038378.jpg,20954.40595960768
c26df82d-a12f-4361-8a7b-0315f860aabf,292373842555440,thumb_256/292373842555440.jpg,19023.938164165906
b817f3d4-a9e5-4dc1-a3db-99336954387b,314588316728856,thumb_256/314588316728856.jpg,41954.817321892915
9f1c53e6-9672-457b-9c84-bda0011835c5,5224010654339584,thumb_256/5224010654339584.jpg,71876.41071861025
e99b089b-b5e2-4155-accf-643e17162f67,1175500959530394,thumb_256/1175500959530394.jpg,9077.109488470094
4ef0eaf1-bf68-4857-960e-6b72b1009591,532237554441803,thumb_256/532237554441803.jpg,23208.115843233434
90698b85-a5d7-49ac-8fbe-d308b6c1ead9,137795351595426,thumb_256/137795351595426.jpg,35427.025045404625
8daf64e6-a26b-41e5-b5f7-e7c2eb53526c,300666888224890,thumb_256/300666888224890.jpg,24461.008512628516
057b48b9-c0e6-42d7-9cbe-6bfbfb791005,833030350626030,thumb_256/833030350626030.jpg,15180.213163119897
de65f986-0e0c-44a6-ba20-9d02bc36d2dd,460103591916643,thumb_256/460103591916643.jpg,60068.74499423823
ebafec52-7aa8-424d-9e2e-ddeebc53e461,2768365486807674,thumb_256/2768365486807674.jpg,16765.91168592672
e71ebc87-7d3e-4012-8112-e86b6fbb734b,1270528496736472,thumb_256/1270528496736472.jpg,14074.35344509323
2af890ea-1cb9-4a0e-b01f-9913ab0069a2,463645841604707,thumb_256/463645841604707.jpg,56909.283722680266
0a4201e4-1052-4f23-910a-2787134f5c1f,498361974923471,thumb_256/498361974923471.jpg,27113.67964576502
8003c8ec-6868-4843-ae3c-b1e231fb463e,736178513720427,thumb_256/736178513720427.jpg,26689.68014597553
8a11ffd9-2926-41f5-8876-627ce0b8e66c,948775995964611,thumb_256/948775995964611.jpg,25797.391028892987
ef326dd1-60d6-4b18-ba75-fc48ccd87804,1370954773274408,thumb_256/1370954773274408.jpg,14801.061286440243
a4a3ecb5-0711-4c64-a406-58c63dc78b47,310231613806644,thumb_256/310231613806644.jpg,29007.882406134413
e8030661-143d-4f0b-9eda-299fcf061425,817042645575378,thumb_256/817042645575378.jpg,25888.275421572922
59f8a37a-53bd-4dbf-b6a1-1c6530ffc4c0,484844522837504,thumb_256/484844522837504.jpg,16503.769477146063
e0deabf2-9e48-4b10-afe8-cfed0fa9c619,286601516339371,thumb_256/286601516339371.jpg,5155.305192462974
764bef71-4bcd-4a49-868c-dfc4c3517f5f,3884960961596739,thumb_256/3884960961596739.jpg,26682.201392080235
290b11ff-cfea-45d1-8882-e4f3d30bc6bb,549915419330222,thumb_256/549915419330222.jpg,21694.399209719533
89faf782-6f8a-47a4-b3e9-3722959d7228,144140064309043,thumb_256/144140064309043.jpg,19978.699710910227
0b085437-ddd9-40e0-9e49-a388133f2093,150959163595572,thumb_256/150959163595572.jpg,30072.70126145714
09a95777-7fef-4138-ad6f-db5ed40671b3,2878786575772652,thumb_256/2878786575772652.jpg,28031.1238829147
21630899-3e3d-4919-bbcd-ac620cd249bc,4206323552720300,thumb_256/4206323552720300.jpg,34421.40598696587
eb56fdd7-1697-4f25-bfac-60b7f103f069,202917488170086,thumb_256/202917488170086.jpg,62222.20933182636
3d27173a-f1f3-47cb-b1ec-837103333e4d,453251735741076,thumb_256/453251735741076.jpg,24232.574562242244
8685268f-b12b-427f-bc3e-15eb1e4dd488,217707673165208,thumb_256/217707673165208.jpg,8833.631071836928
8289b518-1166-4992-8146-cef168920603,253659763114930,thumb_256/253659763114930.jpg,18872.934767601968
caef5deb-66bf-49fd-bb01-81634acb0f70,604918630482409,thumb_256/604918630482409.jpg,54624.31495945443
ef948299-f2de-4f47-a3c0-e987ee2c5c35,136261908493673,thumb_256/136261908493673.jpg,18604.615115289955
4922ab13-8277-4377-8ef3-3501c4d6fb0b,479681076585613,thumb_256/479681076585613.jpg,25538.950754764763
52d83ad9-b41a-4eba-98ad-d3f79a3ea001,850533655540656,thumb_256/850533655540656.jpg,27157.20081942535
fdd9f132-fa4a-4202-97d1-5b4cfec71b9c,843184142954399,thumb_256/843184142954399.jpg,47094.11763719347
5246512b-0564-45e5-948e-75de866f6f56,223216526270956,thumb_256/223216526270956.jpg,22022.95829665255
730e7082-3605-491f-8b3f-ad175e09c780,171401521616709,thumb_256/171401521616709.jpg,25399.372803857485
83015db3-2e32-4600-bd99-54fe14f1322d,295579298703894,thumb_256/295579298703894.jpg,35528.84407840823
e439cd4d-d8de-475c-bde9-e7db6a945bf7,565043827792046,thumb_256/565043827792046.jpg,27215.790507873684
3c4d231e-2dc9-4e6d-b83f-947522fc53da,1398306700525432,thumb_256/1398306700525432.jpg,18959.28650631304
0b3a367f-e6a0-4cc0-bbea-916aab886d21,743802912959542,thumb_256/743802912959542.jpg,42363.44243838531
7399cfe9-286a-4eeb-94bf-d35192a9dc9a,808413020091597,thumb_256/808413020091597.jpg,10766.770896063299
3ccb7a6f-b788-461a-820a-95eefc10fa36,2936441523278538,thumb_256/2936441523278538.jpg,22237.57802301372
dd107a0d-5239-4eae-9026-a9a284c6d880,470625404223376,thumb_256/470625404223376.jpg,39371.558192349425
502600a0-70fd-4dcc-8974-00ed6903b9a0,148174573980772,thumb_256/148174573980772.jpg,17303.645019092088
07afa99b-9c52-4d37-9a36-968e754ee552,763262014554063,thumb_256/763262014554063.jpg,33700.545528822804
bcb3f68a-0e95-4135-b463-5fcde538a4e4,168699331837836,thumb_256/168699331837836.jpg,28503.537139426902
8f8cc56b-a36d-4d5f-a4db-299516fe4489,562417331411883,thumb_256/562417331411883.jpg,34629.21697966872
82a9f28a-7331-4450-8998-f7f6c06d202a,795360474433791,thumb_256/795360474433791.jpg,24999.763535513328
64ecf755-3560-4929-9814-82631042236d,4271033949582815,thumb_256/4271033949582815.jpg,40153.25708563426
304e5f4a-f26d-4cc3-aba0-84d784553310,236335201602077,thumb_256/236335201602077.jpg,35496.5860733574
cbd0f1fb-d158-4370-bcf8-f861c291fce8,846581926069023,thumb_256/846581926069023.jpg,36341.81969557538
3b6ea660-f6d7-4eed-9eca-4fe0e71384b1,746143322727578,thumb_256/746143322727578.jpg,28015.865681838386
fa53c43f-ba2b-4945-b3f2-764d585901b3,2911568729056112,thumb_256/2911568729056112.jpg,16982.23282719699
81dadece-6901-4df3-ab5b-e0b45be86efc,308700120841968,thumb_256/308700120841968.jpg,21296.70347966731
8d9a4edb-7d73-4df9-8102-39faa76d72f9,2083395761802074,thumb_256/2083395761802074.jpg,23146.608756100675
6875ef58-0388-49f9-8b13-ec1c1c34a97f,1410560369308291,thumb_256/1410560369308291.jpg,19461.98578599202
50b2b61b-5092-4318-9fbc-cb9dec6b7c8f,158406872822480,thumb_256/158406872822480.jpg,44698.583312198825
3c26a8f2-7561-4a4e-b2e7-8bb77e25e6f0,495830461462751,thumb_256/495830461462751.jpg,18176.71485804842
b2bdf653-cf9d-4dd5-a415-a441c6aa4c58,832497620678048,thumb_256/832497620678048.jpg,24264.06294425035
f85c608a-8b9e-484c-bec5-1f7af04d2c90,922705041838726,thumb_256/922705041838726.jpg,13012.492635757679
6d37251b-57b1-41ee-923f-4f31515181d0,2882809058703931,thumb_256/2882809058703931.jpg,30240.525252212923
bce17f10-6b24-42c2-8649-35fcdff4d493,483283622982008,thumb_256/483283622982008.jpg,17950.097324482274
b6cabdd4-8ece-4c1f-a35c-16c0b2dcaad2,1035768663496404,thumb_256/1035768663496404.jpg,18968.77543076313
caa79ef0-395c-4cda-ade2-a72ba2c20af5,295029842115279,thumb_256/295029842115279.jpg,27506.470670914743
97d74655-da5c-47b1-8261-5d8ceac64407,760189881335228,thumb_256/760189881335228.jpg,27840.969020279634
9726121d-0c16-49a9-873e-ecb79af2656a,464556024633276,thumb_256/464556024633276.jpg,47625.61361137702
2f843588-b5d5-4a1d-8c47-c57206754860,537872487215972,thumb_256/537872487215972.jpg,23081.51123191363
a48a5cf6-93c9-4498-9427-166f475d7fa4,313518970299822,thumb_256/313518970299822.jpg,29607.577956726553
7071fb33-f033-468a-9525-0aec485291a5,176714397666874,thumb_256/176714397666874.jpg,30800.641066657758
d41ce1e6-7d0a-4a22-83d4-54078866e95c,1374684279578511,thumb_256/1374684279578511.jpg,16574.89606453667
4d237302-47c6-4adc-9f76-f0811fd50319,489882785391699,thumb_256/489882785391699.jpg,18865.60659500736
e4344339-ade7-494b-b3b3-f97a34566e12,373224910607132,thumb_256/373224910607132.jpg,23585.05076004432
ae957cfc-f246-4330-a6b7-5a1f50af8920,2913423712206275,thumb_256/2913423712206275.jpg,18030.367983013388
6bbe4924-8a59-47aa-aea2-0e858c6b20d6,464702824803620,thumb_256/464702824803620.jpg,36015.50590045578
2098f7fc-4d08-4061-a25b-c20480bcac68,2130092687290218,thumb_256/2130092687290218.jpg,14313.383551238236
240e9cd9-d2ca-4734-a5ce-edba4887199b,882994578921005,thumb_256/882994578921005.jpg,42651.17904555792
a75a80df-f701-487a-a53d-7a6584202100,839881606605515,thumb_256/839881606605515.jpg,21193.840327793427
706f09b1-6da7-45e8-8823-1ddb5a3d5a54,509632126828717,thumb_256/509632126828717.jpg,18232.978980882675
38b8696e-7c67-4141-9373-4144e7d1700f,1766303796874109,thumb_256/1766303796874109.jpg,23623.54342723613
6f8f9fee-d106-4c8e-b3cb-ded04179d19d,169961044935601,thumb_256/169961044935601.jpg,31014.279523247304
7380c03f-97f9-451f-a890-4a556251a608,380537639932938,thumb_256/380537639932938.jpg,18673.871001662937
c2468f00-8937-48cd-852b-541f9c9d8c2c,364296328346528,thumb_256/364296328346528.jpg,25270.180151672936
452b8b83-00a3-4155-b772-a4a4ac67b59a,4597962520218900,thumb_256/4597962520218900.jpg,20287.90434187453
183e4421-c1e3-4475-ab88-75b3fa8647e2,457668402131903,thumb_256/457668402131903.jpg,29178.74267108553
cfa42e7f-0c11-4f95-af11-5cd6cfde058d,171423538232212,thumb_256/171423538232212.jpg,30759.72738281877
1aa3e610-d7b8-4731-8aa2-154e70f30547,231505845419056,thumb_256/231505845419056.jpg,16431.155278355356
eeaf652c-026a-4c5e-a442-fdd4d8cbc472,3817913814994444,thumb_256/3817913814994444.jpg,36252.23095716131
e36b8d75-dcf8-4dd8-b4de-26f31854e83f,522658098899865,thumb_256/522658098899865.jpg,28317.364594920495
923754d0-aaf0-41a1-a05f-15f3e633d2ba,196896815583744,thumb_256/196896815583744.jpg,19113.665572792623
b9b50bb0-3da2-4448-8f9b-be06e48b4175,475644110433822,thumb_256/475644110433822.jpg,29555.60635970128
cf404bef-69df-4ef6-8ba3-d2bf3614f4e1,308821347538655,thumb_256/308821347538655.jpg,25547.011151990457
91977059-22e6-45fc-8d05-a3e02b375573,2914137752162550,thumb_256/2914137752162550.jpg,30317.281346449116
69e96f7e-5ac9-4ad7-8750-9307bf813fed,259415969257578,thumb_256/259415969257578.jpg,11950.561373485256
9392a08c-8fa5-48f0-a004-220fda5f348f,2968454273379332,thumb_256/2968454273379332.jpg,19422.368181950056
1a8b761c-ef93-467b-aadb-eb465e3eaaa6,512348126461948,thumb_256/512348126461948.jpg,28453.721838955265
b78dfcb9-5bd3-4ffd-a7bf-8ea0ca16d4d6,2198037113672924,thumb_256/2198037113672924.jpg,23364.081297556324
6ffcc865-1a5a-464f-a65b-51a5c88c20a3,875595026504439,thumb_256/875595026504439.jpg,26055.04298086639
73cfd7a8-fb49-4fce-8099-4be9bb1ff0ad,392166471894085,thumb_256/392166471894085.jpg,24184.32962925226
2367e34b-6260-4ced-ab33-d9bc5d788738,1246692822399584,thumb_256/1246692822399584.jpg,30445.56082810219
1b34816f-a22e-4cd2-84db-1ebbdacbb2c8,1374914442866113,thumb_256/1374914442866113.jpg,52671.417892639285
fdc34858-a7a1-4956-8574-a19970388707,786642605317414,thumb_256/786642605317414.jpg,15478.87061956433
5161034c-81c6-47a6-8e20-9f2f1c310fc3,177509660895354,thumb_256/177509660895354.jpg,26965.68598528117
dc19e751-38d4-4654-9a1d-cc9bad89610e,300172101599195,thumb_256/300172101599195.jpg,25520.946255155093
015e9881-775a-4dd6-9865-3981290c56f5,4631312373562939,thumb_256/4631312373562939.jpg,21264.02465703784
ef66ada3-c78c-4dc8-81a6-18b59e1cc51e,760629851310897,thumb_256/760629851310897.jpg,14079.163253213126
3887e108-eda3-48b6-8514-b27841601615,470704770882593,thumb_256/470704770882593.jpg,34328.120882293995
42b226cd-34e5-4f7f-88ee-a2988f28dbd0,300094385113477,thumb_256/300094385113477.jpg,13335.045215435584
d938da31-da7f-4241-aab5-026770df994f,2836858009976831,thumb_256/2836858009976831.jpg,18962.5624808063
dc314a47-ea7a-40f6-9212-1883f66c0fa6,832372104352254,thumb_256/832372104352254.jpg,30256.29367443399
2cd717b6-5607-42fa-8882-9a5d7b33665e,328721935406078,thumb_256/328721935406078.jpg,20316.86916289461
94356a05-81b8-44c7-81c7-e87448894b40,830709104319361,thumb_256/830709104319361.jpg,33344.7698584753
df2db493-8b8e-4d95-b8c0-613ddacf3516,458783645417536,thumb_256/458783645417536.jpg,33020.44479224815
e091453f-94f9-41d2-9aba-fb7c4510ae0b,150757947064169,thumb_256/150757947064169.jpg,36143.11693101892
2a50c10a-a5b4-4438-b7bf-e39537092b98,286732136487183,thumb_256/286732136487183.jpg,16960.661843844464
ca7f8bf0-7c1a-4341-b6fb-3477591bc69d,216491669983371,thumb_256/216491669983371.jpg,27776.325560690457
3bcc47e6-98c5-42d6-a48c-db137cd38776,1038737789866828,thumb_256/1038737789866828.jpg,34932.05401478266
da2c0993-8206-429d-a688-1e140226788e,497650784721568,thumb_256/497650784721568.jpg,52388.59954391093
247bdf85-6aa6-45f2-be99-c519eeabc88c,530566561451107,thumb_256/530566561451107.jpg,34720.34789750871
88ba9df0-7d21-4024-922b-39f3333d4902,515434656298469,thumb_256/515434656298469.jpg,33612.24949850545
4f6cf863-adc6-4574-b734-8f7cd7b1cc62,777334236119206,thumb_256/777334236119206.jpg,38161.755714886895
64a89239-84c3-479c-bccb-b6710308401c,267541611764415,thumb_256/267541611764415.jpg,23327.862652125852
055c3b2b-950d-4b64-9a88-110e1922e849,223147302527828,thumb_256/223147302527828.jpg,22674.99776082498
1b1aae4e-7a30-4ba2-93df-de95e18782bf,3712948992166737,thumb_256/3712948992166737.jpg,38867.83346883324
4a52d221-04e0-4c3c-99d5-28023d5032e7,470938867463914,thumb_256/470938867463914.jpg,21189.88276306081
979c1b47-3689-467c-b9fe-0fb4dd10886e,4615086785174613,thumb_256/4615086785174613.jpg,21552.90133783521
ed567ac0-e1dc-411d-b739-9a481d5a958d,803357073948507,thumb_256/803357073948507.jpg,14831.649249046468
a5613064-38e4-4557-8819-acc6db7e94f1,320551839435087,thumb_256/320551839435087.jpg,36330.15969612167
f71d9f13-91d4-4fc5-aecc-ab42b3ba5399,1042024306204140,thumb_256/1042024306204140.jpg,44782.650887898846
5c9ad80b-8c2c-421a-b808-bcf9fb80be50,392883745117747,thumb_256/392883745117747.jpg,26413.265534442788
8eb02834-8fca-47df-9a45-be82592669a2,771151343584097,thumb_256/771151343584097.jpg,16822.021836349246
1d326d35-7e52-4257-84ce-6af20b6935aa,520113622342212,thumb_256/520113622342212.jpg,23698.883952520242
4340a34b-9712-4afc-b18d-15b4989e741d,739231316750077,thumb_256/739231316750077.jpg,21799.71182320814
58827c1f-9f5e-4031-b6db-79238f56d9e8,1349629658751965,thumb_256/1349629658751965.jpg,18614.950031020424
e4dbfd24-feb8-4d91-9294-99dc7dc53557,161086172603407,thumb_256/161086172603407.jpg,13499.93477795362
fb01c2a4-ec22-47b5-8b89-4a14b980d9c4,2897394173875926,thumb_256/2897394173875926.jpg,21157.075858472184
170347e6-6620-411f-9f9d-2f06139efe41,814277819494124,thumb_256/814277819494124.jpg,26061.180923073396
86388056-834c-4dd2-b49b-6a4db325affe,527833324886685,thumb_256/527833324886685.jpg,35035.04429099808
86ea2e8a-2120-4a97-b23e-b0cd52519041,309588654023059,thumb_256/309588654023059.jpg,56489.86617844459
16315c9c-4edb-42a1-a3e4-acd378769ad3,903224727076251,thumb_256/903224727076251.jpg,16838.286617842812
ba787d6c-0c75-499e-bb55-71bda9647f1e,464732971431401,thumb_256/464732971431401.jpg,36539.22480844456
b2551453-5318-409b-9e5a-a5fb37412812,290724196107778,thumb_256/290724196107778.jpg,10502.633541058505
2def08f7-5501-4289-a93d-f7b09bd9c757,317942889705622,thumb_256/317942889705622.jpg,37244.5980379235
672e35da-774d-45e6-89c4-d3436ffaec46,1392210367812159,thumb_256/1392210367812159.jpg,16179.05272691227
8fa6871f-3f3d-4854-b053-c0aceea3894b,810001059624844,thumb_256/810001059624844.jpg,26884.09463719223
93fb22cd-bcc6-4520-966a-5cf363f69df4,296474985383831,thumb_256/296474985383831.jpg,38286.37843627497
b62fc519-9d15-406a-8b7b-235f78e18ee8,3809443942444008,thumb_256/3809443942444008.jpg,20906.116498657877
25122be8-d9a2-4ee3-8bf1-e9bde9b98d81,625602202172514,thumb_256/625602202172514.jpg,54348.07987391381
a977748d-a609-4e37-8583-039a70701d4e,821349888774619,thumb_256/821349888774619.jpg,14583.549225485012
4d0f840b-c774-4a1f-a2ed-be399117dbfe,314580640122548,thumb_256/314580640122548.jpg,39012.701588274256
ee8c766f-851e-457f-a22f-53f896c98d12,2818943648344459,thumb_256/2818943648344459.jpg,10973.4622914913
c7592861-1c80-4d2f-9575-dfd5d775aead,3154155694829199,thumb_256/3154155694829199.jpg,34861.69794977394
972ba0c1-3677-4ea1-b809-ae7575027ae5,3016074075287480,thumb_256/3016074075287480.jpg,26159.76443877094
2e85c019-8e08-4361-8378-484e0837feaf,306501240916129,thumb_256/306501240916129.jpg,25452.89471036607
f6b4144a-3063-4cb5-b888-eba8d7fa688e,1130079590834489,thumb_256/1130079590834489.jpg,36323.11928984144
d96651a8-e658-46f4-9645-bc7fc906b9af,299693038343364,thumb_256/299693038343364.jpg,33677.691605530425
542940b9-126c-4d1d-a00b-0aed2ce21026,369294661100945,thumb_256/369294661100945.jpg,52454.96654781351
d771c4fc-b585-417d-8f4e-23b50a400ad8,1097493344074441,thumb_256/1097493344074441.jpg,27527.27533235904
8e5870fc-93ec-432f-8784-2bc571fc8a9e,144430794334267,thumb_256/144430794334267.jpg,18626.03964663354
d7409309-2cf9-4c1f-bc9f-68cfdc517fca,909945889785618,thumb_256/909945889785618.jpg,9208.713555532699
d7ed8736-f6d5-4ab3-ace2-d7095fe06fbb,350308509958260,thumb_256/350308509958260.jpg,17915.476010251394
2fa4924b-dd0b-46ef-bea1-79cf78cf80b8,531483954678838,thumb_256/531483954678838.jpg,31410.383882418893
e734532f-60f0-40ef-8677-bb915f98e727,582794576028420,thumb_256/582794576028420.jpg,53606.19379354854
45382d75-4e8c-404c-be8e-2b9b2f9a2233,475050507159439,thumb_256/475050507159439.jpg,20647.755164641454
aed14fbb-6474-43db-9501-06921ca5460f,981114706028337,thumb_256/981114706028337.jpg,17111.157218948665
906b1399-7bd0-4df3-b4d6-4f5bd7f8f7a5,307261220774998,thumb_256/307261220774998.jpg,29011.08191733035
c92387d9-e424-4650-949b-1fab4326d783,300074604927309,thumb_256/300074604927309.jpg,47641.9560357521
26177a44-6f7e-41dc-9356-bb2e17d27578,930392411111963,thumb_256/930392411111963.jpg,28621.621600772312
27011163-d358-4fe7-a55d-d166275c81e5,3020492994904618,thumb_256/3020492994904618.jpg,24726.32319765045
56c69824-620d-448b-87cf-d9b1f8e464f0,772837343592841,thumb_256/772837343592841.jpg,25832.31352834973
a6d84d45-b2a7-466e-86e2-ea6129886751,477691210140282,thumb_256/477691210140282.jpg,49208.80975523785
2a56729e-9778-407c-a364-ea292d182694,475932140286939,thumb_256/475932140286939.jpg,32407.309822847663
9c5dcaed-1f2e-4b3e-912d-b2e724c62367,928243907722891,thumb_256/928243907722891.jpg,35604.02108611077
8a34b199-6945-4b16-b6f1-08416565ed01,149738357117556,thumb_256/149738357117556.jpg,21079.04930297823
ef66926c-bdb5-469e-9019-2d33ae7e3056,372396760866049,thumb_256/372396760866049.jpg,23007.965474169516
c092869f-ee71-44dc-b264-dc7e2e2d5036,486246012642398,thumb_256/486246012642398.jpg,19060.81538340562
1f3e9a33-5718-4246-8fa3-cf5c8948b1db,2954146154907921,thumb_256/2954146154907921.jpg,31513.912007591214
a62a0169-cf3f-4fa9-b053-f2028afb1281,513451889693049,thumb_256/513451889693049.jpg,20508.569983245394
1b3ed56f-58da-4515-8833-17e9c35e18bf,208569670808243,thumb_256/208569670808243.jpg,26821.28826160995
0d14e37f-97e7-42a8-ab63-0219ab9a90c0,370370427741678,thumb_256/370370427741678.jpg,12608.13906116931
3f81130b-9f72-470e-b3b9-0eb68be670aa,458792285232361,thumb_256/458792285232361.jpg,18376.30684336648
9827370d-647c-423c-bf32-c9e9b10dc60e,887138502142119,thumb_256/887138502142119.jpg,26352.101302768344
ea61a8c1-0d2b-48e8-a533-74e5a685024e,769977040324567,thumb_256/769977040324567.jpg,47060.143102511276
86bdaa3c-cdf8-4d5e-8eb9-920d33141170,1206801136440641,thumb_256/1206801136440641.jpg,12025.438227881783
e0182d02-d395-4521-a805-f5e059e150c6,211806237181149,thumb_256/211806237181149.jpg,41737.14975755885
75f2f225-6b65-4a39-92a0-637b3e330963,150847336913240,thumb_256/150847336913240.jpg,37791.05901344229
ae2a29d3-4ee5-4cc8-8963-8d3955121272,293215699011346,thumb_256/293215699011346.jpg,22089.588759254613
94459b80-cf83-4945-9db0-e189b74c0cee,1158495807984594,thumb_256/1158495807984594.jpg,23340.8877212272
e73e3fc9-0501-480a-8174-c859ea501f61,927012518085680,thumb_256/927012518085680.jpg,17880.778420078237
35fa6727-323c-40f8-b954-970ce2c243e5,187517299879066,thumb_256/187517299879066.jpg,23074.567970170967
52c4598e-cdba-47ba-9aa0-8909d352510e,892729521290828,thumb_256/892729521290828.jpg,16345.184489247455
3892f06f-2ad6-47e8-a387-581af5a8140b,489650969045831,thumb_256/489650969045831.jpg,22155.358414670158
6045a6ef-30aa-4b4c-9262-25c5dc5cb5df,306183681016129,thumb_256/306183681016129.jpg,21773.142504174928
bb798959-8ccd-4449-a5a9-789a4aa5b223,499852708094476,thumb_256/499852708094476.jpg,46344.976543611585
93e81da6-eba6-481b-aa85-278feeca1c6b,1331049097295485,thumb_256/1331049097295485.jpg,8551.097057275838
e0adfec9-ebda-4620-b919-64e0a6403e1b,482323249749392,thumb_256/482323249749392.jpg,44614.74645477412
3731963b-f457-4e4b-8786-f7d4f21319da,304345174644367,thumb_256/304345174644367.jpg,20688.860508902766
4678f182-08f6-47b6-95ef-4a77715d5aff,890178631831944,thumb_256/890178631831944.jpg,26524.895354892647
c7548bf4-fc3f-449e-bb37-d59b2af128f8,911475099426430,thumb_256/911475099426430.jpg,19538.61313787736
c7654a70-31b6-4720-a175-d0455d34df8b,326310102267287,thumb_256/326310102267287.jpg,31687.47221597557
e048582c-4739-4d77-a59e-3e4ad412c2fe,2720257404882351,thumb_256/2720257404882351.jpg,21995.34411280339
f57171dc-de01-4939-84e9-bd94b5a4ec65,870027703576473,thumb_256/870027703576473.jpg,16274.575788080254
74a4e6c2-77f8-42a8-bec6-81dfcf707fa4,482839223160975,thumb_256/482839223160975.jpg,37936.37042605822
cde39aa3-ed26-45ec-8e89-f7d5e998f42f,135669665222302,thumb_256/135669665222302.jpg,52831.393325031604
be499c55-4a91-4ac5-9cee-6c9585ba54f7,305858214449544,thumb_256/305858214449544.jpg,42702.892464498145
2239fa92-1807-4d2f-b753-d8de5c845ef5,865538010696582,thumb_256/865538010696582.jpg,43357.26133777712
52342865-a4ac-4f4f-8998-7ad90f023147,305079361149554,thumb_256/305079361149554.jpg,30141.10743073648
72d48a57-fb24-4a2a-ba8e-d146366985f3,581548019492005,thumb_256/581548019492005.jpg,20476.051820889013
eb6d7635-5d5b-4700-9c27-5b6a8fd62bf7,2628668670763626,thumb_256/2628668670763626.jpg,39082.09607346552
5e36f090-20d9-482b-8bb4-58ca4fa863f0,751556258872979,thumb_256/751556258872979.jpg,16158.563920115223
50d25b47-f497-46ff-b971-5ad27c0cae6c,1394624760899898,thumb_256/1394624760899898.jpg,23395.15797278877
769edb6e-31c2-43d0-835b-1f69f424b559,206099617993578,thumb_256/206099617993578.jpg,23499.599651430508
ae874d35-4e1c-482a-be3f-04bf3af4cff4,493377135037285,thumb_256/493377135037285.jpg,10901.76473282272
ad19eaa5-3370-4e08-8499-43c3cb0ec5a4,212822236979507,thumb_256/212822236979507.jpg,35846.70621928095
45cc93be-4a14-42ce-86fd-6ecbb02a6d8c,567193161350567,thumb_256/567193161350567.jpg,31369.180767961538
bfa2d419-dd72-4ac1-9f31-ad536df26ef1,766632367548342,thumb_256/766632367548342.jpg,45649.601733197545
a351bacd-ab3b-4435-9db2-b055b527c36d,522419462473997,thumb_256/522419462473997.jpg,34765.88343936529
5b21f311-6f2b-404c-8a1a-e3f65de3ede9,802559004021104,thumb_256/802559004021104.jpg,18631.980078412173
105b98f6-2766-4616-91d9-9aa507fae9e6,207261417703555,thumb_256/207261417703555.jpg,38131.735756513204
81b2b597-8a67-4e2c-a488-3744e88048db,872714073309312,thumb_256/872714073309312.jpg,23923.893739682222
ac34deba-7f71-4ba8-bcd4-44884ca1e756,1850300875132408,thumb_256/1850300875132408.jpg,21961.631469124157
532f1d11-627e-4403-93f5-55dde31e8286,888331121744150,thumb_256/888331121744150.jpg,25297.821332024025
59dc5129-9eaf-470d-91da-9054a7087b4d,995596127850094,thumb_256/995596127850094.jpg,28658.21460746933
74f2e36a-50c4-45c1-80d0-4513b16bc6d6,313967493431990,thumb_256/313967493431990.jpg,12669.272198898296
9985f47e-52ad-4aae-a83e-72211ef1fc6a,462171395100555,thumb_256/462171395100555.jpg,40460.72080807421
925e44bf-f2cf-4025-ae93-7c2d4fe2c426,982055935873484,thumb_256/982055935873484.jpg,41920.487352312615
7e0802b6-336d-4e34-8525-3538802f251b,898353441011642,thumb_256/898353441011642.jpg,26360.820649690944
20ef6b12-88bd-4526-8e36-1b001334a26d,208970087498019,thumb_256/208970087498019.jpg,27097.047190637284
3b918db4-75f5-48ac-a6ca-09782eac125b,494734058325406,thumb_256/494734058325406.jpg,35441.22464838994
dd0d17a2-8bab-4ddd-8dfd-3749b74b6f89,774011619981412,thumb_256/774011619981412.jpg,64317.59196509558
e938c7b1-8f0d-4a6e-9909-5b8a3f837d3f,160351729347131,thumb_256/160351729347131.jpg,13383.511512733454
d5377558-1483-4077-8d0d-a6deab117142,297904445146026,thumb_256/297904445146026.jpg,19993.510733321928
27901460-c951-4b46-b9f2-0f9d46765585,211200630508158,thumb_256/211200630508158.jpg,27678.99296721881
9c80b71c-f0db-495a-a32f-d4ed5f7a8ef9,919726982155664,thumb_256/919726982155664.jpg,23288.253552726947
af3a1998-8924-43d4-9541-37daac289915,5462846883757057,thumb_256/5462846883757057.jpg,36367.207297167144
79970e6b-b9bf-49a1-9b18-c52a85a77dca,200975768533610,thumb_256/200975768533610.jpg,34056.864093094344
685a9c90-fb82-4549-9fe9-d87593d5091d,494749538539720,thumb_256/494749538539720.jpg,21482.245709665476
a12d6bc7-1ef2-4150-a2cd-3132e3a6e41d,564637447836690,thumb_256/564637447836690.jpg,31706.776596585525
8996d8c2-2980-4145-985c-adbb1dad1d6d,147861477288509,thumb_256/147861477288509.jpg,28350.91558061598
d930d5e3-2da0-46fa-9ee2-5bb762697670,817163672567135,thumb_256/817163672567135.jpg,24726.34936806374
af0597af-bd93-421d-bac7-e6eb7c34ceae,472088110566564,thumb_256/472088110566564.jpg,19459.270406715947
691e1aeb-b0fe-4a57-a23c-c161c276a3e9,267982911656363,thumb_256/267982911656363.jpg,16976.920202784393
6ee34194-8759-484a-99ae-5bad333327b5,202817411513731,thumb_256/202817411513731.jpg,33896.34611042568
e5de3192-fcc4-4614-a159-5320732cbf1f,973416510095132,thumb_256/973416510095132.jpg,12868.085469026315
69984cc6-8adf-4bae-b7a3-9e78baf6d774,470792254210687,thumb_256/470792254210687.jpg,22645.96668999985
8c192fc1-138d-4c02-aeb3-06334f760303,378575180090728,thumb_256/378575180090728.jpg,35172.47031654144
50c1d4e7-36f8-4ca1-9568-17bc2425e73f,4137222566343135,thumb_256/4137222566343135.jpg,28189.345491251104
bacc2d3a-9baf-4b81-b2a7-d775bcbe3015,1037546430109432,thumb_256/1037546430109432.jpg,7772.345869335657
c0661130-7c72-4cfb-b9ac-9b9bdb0be686,4344562202244365,thumb_256/4344562202244365.jpg,24293.46786629565
66b32c73-5a26-43ec-abd3-56a5d2d72591,471370687254909,thumb_256/471370687254909.jpg,22739.005812380976
61f49397-16fc-45d5-b7ee-dd342c9c3023,242269371008773,thumb_256/242269371008773.jpg,30139.69953819408
40c47b75-74e4-43df-8ad1-4ecf05462378,2941886392806572,thumb_256/2941886392806572.jpg,29721.2684837082
a7854753-a2c7-4139-8804-63f2ed746230,264511875419354,thumb_256/264511875419354.jpg,57184.61696301398
5554325a-be5d-4f2e-afde-1bc15a64d43c,327636198793917,thumb_256/327636198793917.jpg,13832.347677406686
e819b577-b52e-4d12-810d-6fa5ba961e0f,800526180881305,thumb_256/800526180881305.jpg,24859.738728012086
64eadc5c-a67f-4119-b0de-671dbcfc69ab,477239443513318,thumb_256/477239443513318.jpg,29890.2078331557
11288a84-070b-4f53-8fe8-80cc5f7acd3e,1024796098056432,thumb_256/1024796098056432.jpg,36026.131723524944
fcf64b62-a7f9-4288-8630-1cd2a261da88,742653663072024,thumb_256/742653663072024.jpg,11247.062083968949
7bff0be5-a3bc-441e-8cf6-ef0ac2bd5d43,507824067254116,thumb_256/507824067254116.jpg,19040.074556351792
9d696689-50b5-48fd-8bb8-2381b556d4d9,820236505253872,thumb_256/820236505253872.jpg,9309.957786926718
df1af50d-d235-4a6b-a320-e461c0630c93,1186024625190028,thumb_256/1186024625190028.jpg,34130.70395668036
61074b7a-1519-4223-a7cb-b3a0cb6f9f56,1116730215471111,thumb_256/1116730215471111.jpg,18362.04829757532
e7a71ba4-2977-47c8-8eb6-ce5d894530e5,1223179741450897,thumb_256/1223179741450897.jpg,15946.044696398247
3190178f-ed11-4dc8-8322-fb1d4bb0797f,1464581530563740,thumb_256/1464581530563740.jpg,27146.26021817769
039a80a4-3a67-4519-9797-79f1da10ae4a,4771019529581760,thumb_256/4771019529581760.jpg,14562.826230408951
7d674e81-7d48-45d8-bd9c-e41f601f8bef,480038146545114,thumb_256/480038146545114.jpg,43358.949022301385
c3ead464-614c-4e49-acd8-c8af951b295f,268210025004605,thumb_256/268210025004605.jpg,11600.342142303913
d7b5b212-2b66-481d-a185-6829a6bf40ff,473852917372533,thumb_256/473852917372533.jpg,35315.1844966743
a65b385b-faf8-4540-a244-d4267ec5ded0,376000783749735,thumb_256/376000783749735.jpg,25540.163547746743
1026fff5-8565-431b-a48f-b4f0d8dbdd4c,511956669945617,thumb_256/511956669945617.jpg,42118.12015647514
54c46561-853a-4f59-b257-f09c324959de,6056530054364534,thumb_256/6056530054364534.jpg,24673.523954059543
91ae3c5a-96eb-44b7-8261-3473a920ee84,466788777726985,thumb_256/466788777726985.jpg,26529.180752699205
f395315f-c42e-447b-874d-d8ab2df4eb92,507129340650203,thumb_256/507129340650203.jpg,46173.01120785174
dbcba60d-1eb3-4ef3-9062-ee8aebdcff8f,119900110110211,thumb_256/119900110110211.jpg,28445.41473900012
0c551953-c7fd-476c-9518-6e638b88d9ec,498635507930098,thumb_256/498635507930098.jpg,18372.83085091788
48c8aaa2-8d85-410e-a7a3-788d2b18c2ce,518083529329937,thumb_256/518083529329937.jpg,19877.071004689093
24c7094a-0b55-4354-bc6a-308b146b6d48,507794897240046,thumb_256/507794897240046.jpg,27936.623415659462
74cf02b1-a289-434c-aea2-d38d38ee8d80,2963161633972952,thumb_256/2963161633972952.jpg,35722.15573272609
0127af66-6883-4b9a-beaf-57df98bf8e48,516808946005512,thumb_256/516808946005512.jpg,26608.092641068728
f70e5a83-e6a2-4394-ab44-d90da99c2217,399103914447496,thumb_256/399103914447496.jpg,20260.43160930834
f38de3ac-4f71-4ba6-8fcb-405af9dec60d,907309480126488,thumb_256/907309480126488.jpg,39619.4776924986
ebdebb32-37c0-48f3-bcc7-d3cf60c0c68d,4331343436897705,thumb_256/4331343436897705.jpg,18751.88438190448
1aa6da7b-1b2c-4803-8368-b172dd1df133,2844482662534625,thumb_256/2844482662534625.jpg,23093.578220315467
e2010667-0c43-4fce-b1df-6b5c734f231d,273642714495858,thumb_256/273642714495858.jpg,27710.361828427573
1f041583-7735-4d05-8da8-d7446360933c,2943916609170681,thumb_256/2943916609170681.jpg,34298.7051429085
d371cb4d-a029-48a7-a1cd-ead4dd12b451,988881398586575,thumb_256/988881398586575.jpg,23751.007234547567
0424d18b-b059-450e-bc21-f5fa4755fac5,831789297547051,thumb_256/831789297547051.jpg,48472.66562185199
dcd7297f-7d19-4d30-9e66-30af58a4c93f,506173180526617,thumb_256/506173180526617.jpg,27722.5854527384
a6c69906-a98e-4ee4-9f8f-c35f2f82d560,279571877242251,thumb_256/279571877242251.jpg,31099.773540895625
9f5ce62c-3a27-4edc-8933-c430eb0a5125,455653872201899,thumb_256/455653872201899.jpg,47461.39491664599
bd768047-7341-466b-9102-b59360b0225a,985492115529624,thumb_256/985492115529624.jpg,17667.638814264505
1332e5f1-663d-42b4-bb1b-94943aa78d8c,511873379828419,thumb_256/511873379828419.jpg,12004.364015047644
4fea85df-04d5-4fcd-85a1-56c4f06e4ba1,1890552704443601,thumb_256/1890552704443601.jpg,18653.15655523005
1b5aa120-d501-43c1-8795-d6c78b0f80b1,139706374811574,thumb_256/139706374811574.jpg,28080.789835143692
9a68b30e-5f41-4c36-8e28-b948988a2e02,314289656961011,thumb_256/314289656961011.jpg,21385.680348933958
69d007be-fbc6-4db2-90b9-53e26274b70c,181733620385927,thumb_256/181733620385927.jpg,47476.14878620792
17f14f8c-d070-4da8-b878-a5e2ed69c53d,311115553705267,thumb_256/311115553705267.jpg,27284.176684209742
d3bee1fa-617f-4ab5-b759-95dae7447782,373353304044346,thumb_256/373353304044346.jpg,31602.24501285222
2332824f-cf4e-4e34-b182-a145ec840ba9,489213252224682,thumb_256/489213252224682.jpg,24399.14914481421
951a5aea-35ac-43bc-96a2-9f4110946e08,277120287394201,thumb_256/277120287394201.jpg,15269.64663021813
f6fbe8d8-013d-41da-a855-ae21cebd2986,986671352138181,thumb_256/986671352138181.jpg,27076.368967937295
cb1055ee-32ee-4ee1-8ae5-02a105b496d3,747402692625009,thumb_256/747402692625009.jpg,57107.90529784404
3c726b95-87b8-4d05-8c8c-6c5af2f4cd71,579842816332970,thumb_256/579842816332970.jpg,26012.939467434993
20d7a3a1-de28-43d7-b797-1debffbecffe,981801792588203,thumb_256/981801792588203.jpg,22458.88912675147
71def7cd-ba78-4ecb-a3c9-111f66db704d,167406731949272,thumb_256/167406731949272.jpg,48594.79035163526
f248b33b-3381-4853-8e8f-abf8287024a2,2037196796433349,thumb_256/2037196796433349.jpg,27163.216744276335
f5663f62-f4b9-4293-91e3-e4c974215429,295971298699609,thumb_256/295971298699609.jpg,22360.958796881372
22cc78b1-598c-41fc-be6d-4fd13ba36acd,372470310815842,thumb_256/372470310815842.jpg,38575.62617680802
7a033601-2a71-4183-aa58-bbc0777fbc77,738873320111848,thumb_256/738873320111848.jpg,6401.853513682768
4feb3e12-bc6d-42bd-94e0-ac4bb45b1709,169422988435603,thumb_256/169422988435603.jpg,11006.84854166605
b08e3f3d-d1e4-488e-8cf6-001a23100038,2207460602719493,thumb_256/2207460602719493.jpg,42529.91219121369
80f56369-06e7-41f1-a91d-0af03db68cf0,521913792135371,thumb_256/521913792135371.jpg,26821.817552336634
129724a6-32c6-48ab-b276-238ae84ae2ad,296594658659156,thumb_256/296594658659156.jpg,52324.404007690086
a309ae4a-d570-484b-a991-c1a50a5ec1a2,584291342470654,thumb_256/584291342470654.jpg,44752.54802729955
615db904-244a-478e-b135-cd2421bc7ccd,760942361249681,thumb_256/760942361249681.jpg,14817.997686778983
d652812c-4a80-42d9-888e-a1c69a49ddec,816138625945700,thumb_256/816138625945700.jpg,26217.439731520943
f9585a0f-87bb-48ec-bd87-1907f456fb3d,484311416146015,thumb_256/484311416146015.jpg,26964.176744501096
07817c9f-3f07-49f5-b11d-a0017cf4a436,1440890019611513,thumb_256/1440890019611513.jpg,10557.04563537068
53923400-033c-4a0a-8d87-3d12999be8aa,845366746073800,thumb_256/845366746073800.jpg,19541.330314853443
686e4e32-8d32-4bdb-aecc-ba4ebed7c245,523736205661645,thumb_256/523736205661645.jpg,20004.50295822666
215bdea6-a485-4c10-b531-6b63b07de141,234067495145962,thumb_256/234067495145962.jpg,14067.193604446778
d20c5e05-abbf-4c28-8aa1-84a166b29b95,184413073537072,thumb_256/184413073537072.jpg,35979.071839057055
3a88b52f-0d52-482c-a6af-c94a09783b51,435069080955629,thumb_256/435069080955629.jpg,21671.317545106707
a3be3743-a139-4f24-af94-2d2579e077de,128228702630672,thumb_256/128228702630672.jpg,42702.35377709421
c74b8113-24d1-4dfc-9836-465936f80a3e,447972006303497,thumb_256/447972006303497.jpg,35845.428856548686
a19aa3d3-56e5-4cde-b330-dfdf484ec28e,969236360544932,thumb_256/969236360544932.jpg,24410.111780748626
d48da62e-57c5-45e7-a273-9ef30a0f9f31,226589689224152,thumb_256/226589689224152.jpg,50943.059510823026
e054e266-5c19-445e-9d75-2d4c9097b77f,308130827596874,thumb_256/308130827596874.jpg,33151.05809216003
57108827-3207-4613-b5a7-25b137b8bbc8,106703484838972,thumb_256/106703484838972.jpg,35902.8448609868
e67c4e46-edcc-485a-95c8-098b75116fcb,930246917739056,thumb_256/930246917739056.jpg,19504.157100582273
110c072f-0596-408d-8794-d4432169eab6,500326754475075,thumb_256/500326754475075.jpg,18860.285412869816
5118d0f1-520d-4f05-99a4-98ceb61e5482,233569815233780,thumb_256/233569815233780.jpg,37052.86532144498
f95ff4a0-23c7-4857-a8c9-4651a97fa669,221155656151047,thumb_256/221155656151047.jpg,27678.04726819991
5dcbf826-57a1-4b1b-a5aa-ec1e3b5059fe,186862873294373,thumb_256/186862873294373.jpg,27538.411503675565
777bc506-2710-4b20-810e-c75dd7be47d4,1137954893293914,thumb_256/1137954893293914.jpg,31458.18640719508
51865416-4d49-4d71-909f-18c7b51b92f2,305010064518904,thumb_256/305010064518904.jpg,19842.728986311868
b9a05405-c883-4015-ab85-b8ca40bb39cd,888522231722439,thumb_256/888522231722439.jpg,58625.02765915826
6f5f7beb-aac2-4e61-9590-9b19760ef13b,278728100640706,thumb_256/278728100640706.jpg,21693.276666430756
3d7b63d0-a4a1-44e3-9aaf-1dd9166280b1,1168284040286732,thumb_256/1168284040286732.jpg,21326.91780666956
14f263b5-95e9-4e77-a0a8-7edca384af3b,3964676913646965,thumb_256/3964676913646965.jpg,25666.743099401672
d72b6e65-12a3-4838-adce-1d31c142abf3,4647750451918256,thumb_256/4647750451918256.jpg,23974.86410647838
40345dba-41ae-4cea-ac7d-8b771f0fdfc8,988600275013138,thumb_256/988600275013138.jpg,40006.90183886319
facc5290-b8bd-40a2-9a30-0ff77083d1bb,823771431874629,thumb_256/823771431874629.jpg,24215.89905700811
9ea43e37-b7e0-41af-959f-46ef3a6c5009,287158806339916,thumb_256/287158806339916.jpg,28231.46190507675
46009222-2d26-43b0-8168-b07afb92cdc0,1444253209259414,thumb_256/1444253209259414.jpg,11507.866599876495
4888c1e8-1887-4b37-b681-97a9d101c3af,3228760000720469,thumb_256/3228760000720469.jpg,19079.802127391526
4c141efa-8951-4e7e-9182-4c671011b76a,467935974437579,thumb_256/467935974437579.jpg,27134.90891442568
35f11be5-4158-4ab3-86d6-1ad8d63fa38b,116024830517125,thumb_256/116024830517125.jpg,28742.162863823854
15b1001b-307f-4d7c-b6c3-af3a1b431437,375862523778400,thumb_256/375862523778400.jpg,25105.05817741915
e70c0550-3b01-40cc-ad3c-182c2fa82090,153219673481303,thumb_256/153219673481303.jpg,27192.399252902425
6312b3bd-864e-467b-a190-f2d237608da5,1580583165479736,thumb_256/1580583165479736.jpg,28516.58532342493
90944b94-e12d-4466-84b0-7661112ead09,3890321217683477,thumb_256/3890321217683477.jpg,18710.127243937135
e8ab9c0e-7fe6-47cd-b6ef-01f702217655,804145250493782,thumb_256/804145250493782.jpg,30552.764895352182
91af29ff-4939-43f8-b81d-932560006587,767941663924229,thumb_256/767941663924229.jpg,17183.50753586767
a2b3ffde-17a8-44f3-a4f8-f8d465986553,933978394035744,thumb_256/933978394035744.jpg,32479.500423442205
13986922-7ca5-406c-aa2d-05272ff1c2ce,2930648243842629,thumb_256/2930648243842629.jpg,22632.46275365119
84fcdf4d-e8dc-4b93-a4a8-a7161c854c0c,475368877013513,thumb_256/475368877013513.jpg,40929.060899838456
4343e630-4843-4f47-a286-b648b613d9fb,2655558881411514,thumb_256/2655558881411514.jpg,31170.622398056294
f5aba916-6d55-479b-adae-3ae82fb9054c,296813745411878,thumb_256/296813745411878.jpg,30072.38645044173
fcb8e236-0a0d-437c-b18d-7c797697c1f5,501288277561558,thumb_256/501288277561558.jpg,23323.059503223918
64b4462f-97fd-453a-bf0e-362c4c63dfe9,150848870323784,thumb_256/150848870323784.jpg,12367.419017886472
106b0cde-4a59-4935-9aa4-654d4adbeac6,2702110110089904,thumb_256/2702110110089904.jpg,28940.758404200307
7172db9a-1084-4fdd-9c23-1f1c5549301d,1603744280016087,thumb_256/1603744280016087.jpg,24959.226154803608
902abb9e-389f-4db0-b289-12eacaa43a1d,149551447110338,thumb_256/149551447110338.jpg,38121.90029576669
b268bb81-3cb9-4ebe-a871-a40933a20341,1156653521445932,thumb_256/1156653521445932.jpg,29737.879550248254
248a4fa5-9506-4593-b9e7-592a049f2da0,381369696440771,thumb_256/381369696440771.jpg,25447.236721309007
0ba3cd13-330d-4eda-8877-4d28615f62fe,3204314033005441,thumb_256/3204314033005441.jpg,12707.828556764907
41011545-0d76-4ace-b786-22be1bfcd161,604361677166911,thumb_256/604361677166911.jpg,23773.961412370896
68ce6c1a-f816-4956-a21a-26da5fd48043,487159205962532,thumb_256/487159205962532.jpg,13109.084155989445
c5437316-e40c-4378-abe1-d61f09933fc3,1853401738166402,thumb_256/1853401738166402.jpg,9813.617071144423
8d572085-16fb-4535-8ec6-a41880d59603,2219822528149085,thumb_256/2219822528149085.jpg,14509.941530696278
8c688776-528e-4c18-8d50-cec705a9fac9,915959329249411,thumb_256/915959329249411.jpg,46701.75452652746
66957103-7423-47d6-8ab6-6985e560393f,198661085425378,thumb_256/198661085425378.jpg,23209.0878331418
d4a55357-7bfe-470d-a794-e5849fc0d67b,302876358118971,thumb_256/302876358118971.jpg,17377.429847692525
5b15ee19-6fc6-4bfa-a6c4-e6f8dade31ed,459086915365763,thumb_256/459086915365763.jpg,28447.198542672384
e4f05758-3e52-4224-84c2-e7150836242b,306620967589730,thumb_256/306620967589730.jpg,29222.70058821816
4130c5d5-09ba-4444-80e8-ecab921954f9,303787241297153,thumb_256/303787241297153.jpg,23560.701351038788
ed3d0d18-fa3c-4bc7-a14b-bc112541a7be,1215511308907817,thumb_256/1215511308907817.jpg,16002.269442226496
bf4f0c80-e3b9-4a2a-9db1-4b01074c13dc,161019009359086,thumb_256/161019009359086.jpg,46050.06821137026
cdecde59-6690-476f-80c4-28119bd60202,3339207149639418,thumb_256/3339207149639418.jpg,54734.63001209123
138daf5c-980c-44f3-a0ba-171dbe89b6f0,4035647649791908,thumb_256/4035647649791908.jpg,20569.170355033657
d22a2a0d-8000-4cfd-9d1f-5f6ad3457c8d,2808195476177948,thumb_256/2808195476177948.jpg,42578.47603246172
9955e46b-1a4f-4766-8d70-e5366e5af72b,382512846302355,thumb_256/382512846302355.jpg,23283.52639325692
b0e37453-8b6f-40db-8bf5-9a735bfa133b,207318437673625,thumb_256/207318437673625.jpg,34385.075570206965
e53759ce-69aa-4dc7-a635-234141e3112d,4138430449553619,thumb_256/4138430449553619.jpg,28487.75965837663
185c3a05-f5ed-46cd-a42e-d09148c75bff,182321410338076,thumb_256/182321410338076.jpg,18327.353748136953
d09fc121-34b0-45d1-97c8-275867349742,335896574549047,thumb_256/335896574549047.jpg,35962.07880927088
d17863be-f49d-41d0-9bb7-6c13c0ffdbd1,514500846235166,thumb_256/514500846235166.jpg,21829.046562880612
6e2e165c-cbc0-4f87-8b9b-9014f85a2c29,899715004220079,thumb_256/899715004220079.jpg,18019.89987044207
4cf06a56-3c37-4b8d-a65d-3a95ad99bde0,517425616287029,thumb_256/517425616287029.jpg,14265.19437959877
02ea6341-fad5-487f-bf07-90991734be92,650510282438782,thumb_256/650510282438782.jpg,51851.61512997938
5e17dc2b-a414-4890-92f9-c0d9f0508f70,772355313464137,thumb_256/772355313464137.jpg,19698.338282149016
304e29e6-6106-43c9-8555-f6cb2f7f9858,282663416898277,thumb_256/282663416898277.jpg,45642.145009434294
3b945bdd-d756-4b63-9b4d-1206ca25595a,1068253663704175,thumb_256/1068253663704175.jpg,20341.2308585692
a9c038e7-56a7-4b22-96c5-c08f465cf954,1703077196711756,thumb_256/1703077196711756.jpg,39640.908765523935
f20a99d8-c9b4-47a5-b705-5bca50bfd8bc,807032066874905,thumb_256/807032066874905.jpg,19697.194540808727
85015b0b-9cb3-47d6-aef7-ad25d36cb66c,949935045819353,thumb_256/949935045819353.jpg,47346.799952317975
3354d14d-7285-46d1-bccb-53f151bfda93,483925709717409,thumb_256/483925709717409.jpg,47387.35430523414
b1865caf-8410-4e94-ab30-ccf05adbbc60,884430178805564,thumb_256/884430178805564.jpg,31554.10637022034
4a6b903f-c8e8-4877-b6c4-665c5c082191,162127562495471,thumb_256/162127562495471.jpg,19075.50667059623
3af2571d-80ac-49a4-a233-b1ea14fbe0d1,1666415580232596,thumb_256/1666415580232596.jpg,27210.600341372454
20749e8a-536f-4cad-9117-bdfc6da4505c,450922529534671,thumb_256/450922529534671.jpg,19466.40862949194
4d1b18d9-0674-4c78-9d79-63e8beae7b82,478020056590159,thumb_256/478020056590159.jpg,22131.393735783844
5e18fbf9-26c6-4151-82b3-e21976c4cb61,1986280984862927,thumb_256/1986280984862927.jpg,27554.44878421902
b0c12516-0abb-48b9-8557-e7a7a2507e04,4131830486859779,thumb_256/4131830486859779.jpg,34151.78041231977
2e271d8f-2815-4473-b650-b37fa64dbec0,377537380255263,thumb_256/377537380255263.jpg,15539.866607731406
06a74170-1a7f-4697-9691-eea15b48fc6f,913896669396163,thumb_256/913896669396163.jpg,72445.17844600248
f0d0f258-62dc-436c-9858-9d47b467cb85,395910344859831,thumb_256/395910344859831.jpg,14961.501250715204
54a67e5a-fbea-4ede-81d6-56686fc8344b,538353894205996,thumb_256/538353894205996.jpg,26867.37937105026
8835caa5-2c67-4a48-9fb1-581c9885b0ad,255002719404686,thumb_256/255002719404686.jpg,8206.935337867048
c264b9ba-e955-4ef6-b64f-0199317577b1,313661546834364,thumb_256/313661546834364.jpg,28557.027332580252
c32cf67c-3e72-4724-812a-c1dd0cb309a6,512739603188152,thumb_256/512739603188152.jpg,37694.79676105254
f85abde1-e1d6-4d77-ad14-c1b97a296d2b,4182688525110871,thumb_256/4182688525110871.jpg,34312.848529623894
6eb01ce4-5762-45ac-b77c-309cacbf66a6,2363323617144898,thumb_256/2363323617144898.jpg,25164.773567004326
7d18c170-84ea-4b01-a73f-5a4e2b0e8e94,3466632266770469,thumb_256/3466632266770469.jpg,34686.485480771466
ac56d8b7-7d33-4ad6-a717-0035aeabcf03,136634995159544,thumb_256/136634995159544.jpg,19385.847972160092
fe555934-f2cb-41bd-9977-ea884e41fef7,132196752235827,thumb_256/132196752235827.jpg,17153.28494525358
4c64097a-7231-486d-b684-128637b51c98,794267178192583,thumb_256/794267178192583.jpg,18190.720475377904
0dd9fc8b-bcbe-4d87-ae6c-cd1f5177999c,503050884443515,thumb_256/503050884443515.jpg,16941.01893309716
794b1b6b-28f0-4030-b8f9-8e176fc28c21,1103944250105720,thumb_256/1103944250105720.jpg,15013.799803167125
ab5a270b-a379-4ba4-8e96-22d6ed7b06b0,2599324653702245,thumb_256/2599324653702245.jpg,31694.69703145402
c373b581-0663-4ace-9759-e7215f4ca060,378638116765294,thumb_256/378638116765294.jpg,16112.884635102213
4a0aa83d-3bfd-4353-a435-65afb71d80a3,337349564481072,thumb_256/337349564481072.jpg,14727.156154518729
f61e5b13-6848-4273-b7b0-3d958537d39f,563002708009504,thumb_256/563002708009504.jpg,31831.939297264427
494bf146-8b68-44ed-811d-206cc5c5fd00,293240752344171,thumb_256/293240752344171.jpg,113690.16691429638
61a8c09e-317b-4688-9140-c2f7f11dd421,542924363386875,thumb_256/542924363386875.jpg,19707.29781420765
032d8aca-e633-4b97-a446-035835ad4f63,1175956712840919,thumb_256/1175956712840919.jpg,58618.4855910347
04a3edd3-5597-4133-ba65-5392bdd8ccf2,372174744197161,thumb_256/372174744197161.jpg,35087.66553196186
fac56101-5398-4537-a37f-9b1091805462,208079904188692,thumb_256/208079904188692.jpg,36579.00773363186
976f0990-e2e1-4235-9cdd-bf54179384b1,1720139438172535,thumb_256/1720139438172535.jpg,6529.383633925437
80772641-4fca-406e-a874-d0e7240ca770,854504625274919,thumb_256/854504625274919.jpg,24745.871401217468
e3ac2520-e985-42ab-996d-6bb6525060b0,259218692652592,thumb_256/259218692652592.jpg,46498.82398351044
10612793-4ac8-4919-bbeb-ff4061da5707,4033945903358818,thumb_256/4033945903358818.jpg,30283.513735545086
dc0563e7-d492-4621-b178-8dd9e918ded2,726956707973225,thumb_256/726956707973225.jpg,30259.217304156256
4134725c-b187-4545-999c-8b393acd56ef,488805002574764,thumb_256/488805002574764.jpg,28081.89005042346
6b8d553d-be22-4985-a863-a283d3e50421,944358966382086,thumb_256/944358966382086.jpg,31640.752784260618
624dc188-4c0d-4dd6-a585-6cf39b90e4f6,173282387997952,thumb_256/173282387997952.jpg,29908.434055536174
9448c150-663c-4fa0-a667-81af1db23c3d,858549991364587,thumb_256/858549991364587.jpg,26371.945383632814
728b3050-0668-4979-9cc9-319584be2b5a,270077838143610,thumb_256/270077838143610.jpg,27164.372977930925
75b02d9e-3732-4ab7-9915-fcddb6ec8059,481173986485109,thumb_256/481173986485109.jpg,33167.0719055608
0e5cee01-3330-452a-8033-afd90090bb6a,842099893331183,thumb_256/842099893331183.jpg,29164.76269781381
d7459118-83c6-4b1b-aafb-c9513a994c58,899815887464709,thumb_256/899815887464709.jpg,38414.23524857922
28a7d16d-3434-474a-8fff-8be2ebd3e10f,813456195952309,thumb_256/813456195952309.jpg,18568.73135970128
387cda9b-fb4e-4d5a-bce1-ffb61984d511,2865399323676985,thumb_256/2865399323676985.jpg,20375.37079184861
efdd8de8-d56b-4165-9a2d-7568dfce0703,510028466797306,thumb_256/510028466797306.jpg,23408.58828011307
633c006b-2056-4287-bdd4-85e798ebd094,178057404196798,thumb_256/178057404196798.jpg,33189.323604592995
40b843a9-12ff-481a-89ec-d2c0180c8e4b,215008950158720,thumb_256/215008950158720.jpg,26613.08715478982
bf12df61-a578-4246-95f6-edd334261767,1426621214344076,thumb_256/1426621214344076.jpg,23873.80924140565
6890a1d6-58e7-46db-b275-93ed559c975c,511659026503731,thumb_256/511659026503731.jpg,44715.36430267318
1969d93d-1e86-4a26-b994-5200711729d8,755792555137611,thumb_256/755792555137611.jpg,35446.23857272488
b653c855-1f04-429e-91b9-ccfb5e82ffeb,450378616059479,thumb_256/450378616059479.jpg,24356.374690443547
2c17a810-18fa-40c1-8bc3-779eb4f41b61,171535674774682,thumb_256/171535674774682.jpg,29651.548218975444
725d451e-5296-4e54-a5ae-0a639d01d6db,143405424438267,thumb_256/143405424438267.jpg,40362.490838178266
8e4c327c-a77c-4d5f-8b0f-4751aa2d9b3a,3933167186798756,thumb_256/3933167186798756.jpg,29938.84134088127
cd9fc17e-6fcf-4ec3-9172-c225bf65e8f9,982567759146961,thumb_256/982567759146961.jpg,58474.078799403476
9e54aee2-b56d-46ee-9cd8-52b1521d3097,199079548724244,thumb_256/199079548724244.jpg,20782.891216311407
433690cf-1dd1-42b9-a026-f1a22a6a7da7,890514254841599,thumb_256/890514254841599.jpg,25406.990719167934
8be62b2a-7963-4699-b888-79fda016770a,484218232696225,thumb_256/484218232696225.jpg,24419.574629904226
6f2ac11b-0383-493f-92f4-bc1c663d475b,564677181181615,thumb_256/564677181181615.jpg,18596.537502739277
2d411275-30fd-49f0-aa5e-3234c160fe32,288353202925712,thumb_256/288353202925712.jpg,42729.37013163506
e32ed492-d013-4091-882f-d195af149869,116039377182053,thumb_256/116039377182053.jpg,52460.38730613568
5be1b1ab-611d-46fa-a1e4-5c3a0375a0d5,811558886131573,thumb_256/811558886131573.jpg,25288.807238034122
fbf46280-bf8f-451a-8670-7ef13d7c6c12,155405246459586,thumb_256/155405246459586.jpg,18795.796032750455
12940b85-d0d7-4424-8e68-2ed414ffce10,144866144290406,thumb_256/144866144290406.jpg,22946.29860813045
22df5b87-7881-4dfb-b852-0673e0274b14,206474501112143,thumb_256/206474501112143.jpg,51258.58449110449
bcf72ca6-cf49-41f4-86d8-7b988c6ced31,1185937358520462,thumb_256/1185937358520462.jpg,28470.058664877994
f7bf5add-bac2-4cf1-9118-beb8a18334f5,299972505043670,thumb_256/299972505043670.jpg,48888.30987575729
412008c1-2645-4d8b-a9f6-61ccffa609ab,771301093552595,thumb_256/771301093552595.jpg,17089.400645046517
9d2904d9-61c9-40f8-ab26-06ae7b393b4f,791680601735569,thumb_256/791680601735569.jpg,24476.01463362893
73d47f39-668e-4ff7-a01e-96835d427b1f,324094962383841,thumb_256/324094962383841.jpg,20101.40841236219
446a1f31-adb0-4d8e-975b-e9c34347c69f,1075855689609061,thumb_256/1075855689609061.jpg,26545.92644938658
9f326e41-cdf0-48f4-8975-fd59a70b2361,3015218388693827,thumb_256/3015218388693827.jpg,14425.097145163338
90a1f6de-61bb-4ed5-a4b3-c6b061e12b05,375022847199197,thumb_256/375022847199197.jpg,45606.86659323686
5ef58560-6f68-4112-865c-06bc086f68e2,212842890294319,thumb_256/212842890294319.jpg,12293.140610098755
02261dc8-7f4c-4d37-862f-c4d5fd437748,162660305797438,thumb_256/162660305797438.jpg,16165.423147451245
aa8653ec-a9d0-4dda-93ad-85a0a4bc80c5,5539935719412519,thumb_256/5539935719412519.jpg,29441.09458298753
9ec84341-eee5-4efb-a0cb-0df2a333a120,210791170627598,thumb_256/210791170627598.jpg,25805.372948317156
7fe03f2b-2d77-453b-be0b-1af38f3e0f78,192612712716607,thumb_256/192612712716607.jpg,24422.105518383916
fcd8e291-0adb-49ef-9c62-dfe5b32313d9,178090144211001,thumb_256/178090144211001.jpg,22337.53463820472
469886f4-2e85-423a-bccb-240a0eba432c,187510579766080,thumb_256/187510579766080.jpg,20625.229098476782
b08f3ba5-4c1b-4901-be12-651a8346bb83,3944067325672420,thumb_256/3944067325672420.jpg,21646.281804783903
13183aff-10b6-4325-91a0-3a4d52f69b94,279992570450878,thumb_256/279992570450878.jpg,37025.00291375941
601c499e-fca8-49ca-9464-9bfd58ae33ea,464012591531871,thumb_256/464012591531871.jpg,21856.34245571631
e4e21214-aed9-4c7f-bb10-a3db0aaf6fb6,2932628020359731,thumb_256/2932628020359731.jpg,44962.23002378061
370597dc-212a-4f75-a62b-20e886f71b4a,484197716058539,thumb_256/484197716058539.jpg,32303.104784005805
aab38605-7122-483b-a5f5-4432a28419af,242257837664451,thumb_256/242257837664451.jpg,5588.618243749606
0f255896-af78-41d7-976b-d18e135da338,2781697198827516,thumb_256/2781697198827516.jpg,22614.092936647015
41ef604e-51fc-4003-87c6-4630fce1c90f,1319375295115133,thumb_256/1319375295115133.jpg,35413.29402619272
49ce4fea-bce2-4b43-9258-bf88acefad4d,533922474273187,thumb_256/533922474273187.jpg,12829.067395131402
9fcf77f7-0e97-4bb0-92f7-f3565fb121bb,1879738265541576,thumb_256/1879738265541576.jpg,17876.30775923647
87255221-c49b-41cb-8b48-5a67801ee994,849259619356077,thumb_256/849259619356077.jpg,28545.205558978745
ed9f221e-53b6-4a61-9703-6d748a2fe509,2760942354169576,thumb_256/2760942354169576.jpg,51300.0457824439
68c90b28-6732-4852-a380-ea73c1283b3a,304277307863400,thumb_256/304277307863400.jpg,12719.988197489884
471b6783-5a83-4a37-92c0-e19ad55ef861,252919216579921,thumb_256/252919216579921.jpg,29017.070319500497
f961d30f-7262-46f6-95b9-b7edea5e0a8f,542802627106312,thumb_256/542802627106312.jpg,33673.05942308586
50948c38-d1ea-48b4-8606-25f0470d3516,182717200378409,thumb_256/182717200378409.jpg,33719.62610955624
4a4cd3a2-87b1-4102-8e55-074c0df70ab8,1900782843406908,thumb_256/1900782843406908.jpg,27357.02752147264
d4065b2b-c906-416a-bc85-77548476313e,467829551178051,thumb_256/467829551178051.jpg,35686.864274258885
a05b0780-bbe8-4417-92eb-30372a33bb43,694866481212863,thumb_256/694866481212863.jpg,35823.800346736374
e9517fbe-bff0-4339-8f19-ce5a2e0ffa25,1764192457096317,thumb_256/1764192457096317.jpg,35219.13391781275
f4119165-afe0-4776-99ae-254be4c0bd74,3511150245656892,thumb_256/3511150245656892.jpg,39464.86644957537
96f351a2-df97-4215-b101-c3c4900d89dd,832365730693432,thumb_256/832365730693432.jpg,20934.302234058938
b23683df-aba8-4758-ba7e-ec132eebf9e4,184967630164472,thumb_256/184967630164472.jpg,30602.47935892096
acac0622-28fd-4e8c-b8d9-a82589890d82,541946343880587,thumb_256/541946343880587.jpg,29185.205321134807
fb566460-37eb-474f-8266-d12b78eaa792,945301592907783,thumb_256/945301592907783.jpg,6449.310422325655
e3b25c58-0c37-4d4e-b93f-384d1c88ca74,1274732719589296,thumb_256/1274732719589296.jpg,35934.8102334079
16df233c-ec2e-4c88-b8a4-14407d25b978,766610000699552,thumb_256/766610000699552.jpg,17694.088688239404
0e0ad637-24e4-4f69-a66e-820f8dee612a,4249238028460377,thumb_256/4249238028460377.jpg,28845.303380856032
23a1222b-58c3-4c17-9dc7-7ba71cc69d6a,217121593244199,thumb_256/217121593244199.jpg,40584.25767690325
033a8565-754c-4c8b-8ee8-7bb7d7ec54fa,159878679417821,thumb_256/159878679417821.jpg,21155.24795016801
3db80ebb-0c36-4b30-bbe1-be2f7973fe12,767004860873781,thumb_256/767004860873781.jpg,30659.834652611356
5f3b99ae-a1c7-4f7a-9d6b-b8f514e4e54c,461801431567695,thumb_256/461801431567695.jpg,31244.470323029745
a4ae7c26-f998-4ab9-ac4e-a4dd144322cb,301786224772272,thumb_256/301786224772272.jpg,40054.66808473437
ee3b5829-fbed-4ec9-a857-41089b3914eb,313394967012255,thumb_256/313394967012255.jpg,15256.458655255834
dcfc51ea-d38f-43e0-ae2f-2db5226b8855,1425076767872716,thumb_256/1425076767872716.jpg,24976.479451005132
62953234-c586-492e-af23-2e14c4e84b8f,218158163116129,thumb_256/218158163116129.jpg,20710.04303241286
5ead51f2-6880-4400-a429-67a1ab781a5d,320989896338291,thumb_256/320989896338291.jpg,25254.226652126235
081f84f7-e5a1-4ecc-9dc3-fd303242fe2d,3040609709494333,thumb_256/3040609709494333.jpg,21006.84433833075
ce93e6f5-23fc-47ba-99ae-93507b969c4c,137572778364611,thumb_256/137572778364611.jpg,14333.2061155049
0e21388b-7765-488a-bfea-74b3c076f0e3,524838068546533,thumb_256/524838068546533.jpg,21315.869681582873
406f06f1-a5e2-486c-bba1-9fc9195dff96,939513176619647,thumb_256/939513176619647.jpg,13244.11062935259
0a019035-b752-4ca3-a566-d305846e2ff3,290696592539187,thumb_256/290696592539187.jpg,29763.14481131895
2bd85f55-4b22-4465-b7ed-ab409dde8a92,1503484139856950,thumb_256/1503484139856950.jpg,29659.397380787766
