uuid,orig_id
da7ef126-42e1-478c-81bc-1a2ab21240d7,825911051665798
b20ddbf6-e8cf-4981-b437-68ae16655df4,479596743278063
deca7f0f-8613-4017-9a9a-5d3268108889,876205573109155
1dec562a-8bcc-471f-9efb-5908e7f3d862,488358322361523
e4e578c9-f302-423d-a783-9e56ea5ef82b,270144761505520
7f12b159-bd02-4fa7-bbe5-13c2186097c5,1875984615891015
4e612519-c241-43e5-b8f9-7466bcc0a7d8,878956852687613
be172f78-ed37-4637-b064-83e64d7e9bad,307424790939740
d71d405d-4db5-4441-9619-f25eb679d277,2859458157652884
4c9b624f-bc9e-408b-8a16-37799cf308ea,879260605988197
31e8064c-883c-4f92-9970-0c2158a20cf5,277963510698260
b7faec3b-05af-4d3c-ac0d-8b4ea42952b7,292786949139160
e382ac08-bc0e-455d-9f9b-885a98321519,1149259195574037
47ef54ae-3b18-433d-93c9-377275e3f599,310266827281490
082da119-c2af-4a50-86e5-d5ffb4d6f7d8,326040902406098
a7661f67-b56e-4f0b-8e3f-fa2b06f520ca,124155569703909
caba71ae-635c-451a-910c-92aea491998f,324718125672981
d8d9cfe3-806b-4cde-8976-0bd62f92fc7d,185620263421351
b80ca72e-c919-4c92-87ad-37c4fda496f5,395184544865661
a281e094-9bcd-48ce-ae0a-b38c4195ee1f,4059108610791245
73fd1a47-e829-43f7-9811-355cac1d930f,3238465906384267
1d1b5710-d92c-4089-beaf-b8e0ca57e30b,773745143513976
7153c70e-391b-41b0-8eff-4f3476ce68de,2256392424490872
ea450fcd-267d-4c1e-b8fa-382f10c73304,2932516903690894
2056a37b-ff37-4ca5-95d8-4707103824fe,319606282937464
23eedcf0-3107-4946-aa61-396d4bc006be,1441511256220553
31c015a5-71a2-4ff9-b114-2647fb1bfd71,201842085107824
c923b0e3-b604-48d6-b931-d5ebe6e76768,216792056637602
1443cc52-f460-4c39-b7b8-7fdb8c2b4629,308544760855765
1f0b08e1-b683-4790-8e30-f93066811120,245009944068097
0045c5a8-7e03-4cb1-8fa6-35cd79e1b416,244696387447991
11626253-d2db-419d-b029-c03ce5518fe4,301709351672860
c4b5255b-854e-407c-9784-be2b398017cc,4403689266310587
e4ccfb3d-54a6-4bcf-a875-4697d313b5b4,4380162912015481
a7265b7e-9008-4617-b156-3ee48c002ce9,522002192501922
19aef178-7719-48ac-960d-110386d9b42a,957412661743532
9ce1bfa6-b23e-4385-825d-d0c1976ec1f9,2885522925020407
74b6cdc5-eccc-440e-9017-249ec0c6a54c,630117255053150
6d1540ac-2d08-43bb-a775-a412e95cec1a,200172795271455
f7cfe05f-6d9e-455e-9962-fba397dcb7d7,244005650834822
